报告日,流动资产,货币资金,结算备付金,拆出资金,交易性金融资产,买入返售金融资产,衍生金融资产,应收票据及应收账款,应收票据,应收账款,应收款项融资,预付款项,应收股利,应收利息,应收保费,应收分保账款,应收分保合同准备金,应收出口退税,应收补贴款,应收保证金,内部应收款,其他应收款,其他应收款(合计),存货,划分为持有待售的资产,待摊费用,待处理流动资产损益,一年内到期的非流动资产,其他流动资产,流动资产合计,非流动资产,发放贷款及垫款,债权投资,其他债权投资,以公允价值计量且其变动计入其他综合收益的金融资产,以摊余成本计量的金融资产,可供出售金融资产,长期股权投资,投资性房地产,长期应收款,其他权益工具投资,其他非流动金融资产,其他长期投资,固定资产原值,累计折旧,固定资产净值,固定资产减值准备,在建工程合计,在建工程,工程物资,固定资产净额,固定资产清理,固定资产及清理合计,生产性生物资产,公益性生物资产,油气资产,合同资产,使用权资产,无形资产,开发支出,商誉,长期待摊费用,股权分置流通权,递延所得税资产,其他非流动资产,非流动资产合计,资产总计,流动负债,短期借款,向中央银行借款,吸收存款及同业存放,拆入资金,交易性金融负债,衍生金融负债,应付票据及应付账款,应付票据,应付账款,预收款项,合同负债,卖出回购金融资产款,应付手续费及佣金,应付职工薪酬,应交税费,应付利息,应付股利,应付保证金,内部应付款,其他应付款,其他应付款合计,其他应交款,担保责任赔偿准备金,应付分保账款,保险合同准备金,代理买卖证券款,代理承销证券款,国际票证结算,国内票证结算,预提费用,预计流动负债,应付短期债券,划分为持有待售的负债,一年内的递延收益,一年内到期的非流动负债,其他流动负债,流动负债合计,非流动负债,长期借款,应付债券,应付债券：优先股,应付债券：永续债,租赁负债,长期应付职工薪酬,长期应付款,长期应付款合计,专项应付款,预计非流动负债,长期递延收益,递延所得税负债,其他非流动负债,非流动负债合计,负债合计,所有者权益,实收资本(或股本),其他权益工具,优先股,永续债,资本公积,减:库存股,其他综合收益,专项储备,盈余公积,一般风险准备,未确定的投资损失,未分配利润,拟分配现金股利,外币报表折算差额,归属于母公司股东权益合计,少数股东权益,所有者权益(或股东权益)合计,负债和所有者权益(或股东权益)总计,数据源,是否审计,公告日期,币种,类型,更新日期
20250630,,64660635.53,,,283229768.57,,,222513767.6,7576433.16,214937334.44,,7247311.55,,,,,,,,,,4224043.63,4224043.63,,,,,,8674785.57,590550312.45,,,,,,,,1496630.17,319100.09,,,10000000.0,,19973971.25,10082443.24,9891528.01,,,,,9891528.01,,9891528.01,,,,,13220785.07,4099467.72,,,753135.95,,10859211.03,,50639858.04,641190170.49,,100000.0,,,,,,16761807.12,,16761807.12,,5514237.39,,,101469470.94,5948030.03,,,,,76083850.45,76083850.45,,,,,,,,,,,,,,3947185.19,330854.25,210155435.37,,,,,,10785380.19,,,,,,,2868493.35,,13653873.54,223809308.91,,50714286.0,,,,28903137.03,,,,25446143.94,,,312317294.61,,,417380861.58,,417380861.58,641190170.49,招股说明书/意向书,是,20251024,CNY,合并期末,2025-08-11T16:42:03
20250331,,168089348.58,,,186174183.95,,,198240874.81,7791290.43,190449584.38,,7655513.05,,,,,,,,,,5056779.94,5056779.94,,,,,,8783109.57,573999809.9,,,,,,,,1337488.66,353745.23,,,10000000.0,,,,,,,,,10174318.18,,10174318.18,,,,,14400475.99,5188115.81,,,947749.39,,10350361.99,,52752255.25,626752065.15,,,,,,,,16858432.05,,16858432.05,,8429192.4,,,88566413.32,16289755.67,,,,,78683543.89,78683543.89,,,,,,,,,,,,,,4083633.14,505751.54,213416722.01,,,,,,10663943.55,,,,,,,2950446.53,,13614390.08,227031112.09,,50714286.0,,,,28903137.03,,,,25446143.94,,,294657386.09,,,399720953.06,,399720953.06,626752065.15,其他,未审计,20250529,CNY,合并期末,2025-05-29T19:46:09
20241231,,142014801.73,,,172091415.99,,,214957229.78,5944864.58,209012365.2,,5052194.72,,,,,,,,,,4068354.85,4068354.85,,,,,,9099997.12,547283994.19,,,,,,,,1983615.18,388390.37,,,10000000.0,,19761231.28,9746680.25,10014551.03,,,,,10014551.03,,10014551.03,,,,,15703655.32,5985023.07,,,1052418.86,,10338381.68,,55466035.51,602750029.7,,,,,,,,16942384.22,,16942384.22,,6403796.44,,,131653899.64,12325226.45,,,,,50685906.03,50685906.03,,,,,,,,,,,,,,4442493.5,384227.79,222837934.07,,,,,,12702882.2,,,,,,,3114964.6,,15817846.8,238655780.87,,50714286.0,,,,28903137.03,,,,25446143.94,,,259030681.86,,,364094248.83,,364094248.83,602750029.7,定期报告,是,20250811,CNY,合并期末,2025-04-28T15:50:05
20240930,,78733361.52,,,142193927.06,,,203879782.53,7583374.46,196296408.07,,4703696.5,,,,,,,,,,4350108.57,4350108.57,,,,,,7830537.05,441691413.23,,,,,,,,5173829.64,423035.51,,,29800000.0,,,,,,,,,7089192.48,,7089192.48,,,,,16841276.47,6046307.72,,,1277610.95,,8733985.32,1615055.0,77000293.09,518691706.32,,626286.66,,,,,,13752149.26,,13752149.26,,5571402.6,,,102065370.57,5737887.59,,,,,38816259.4,38816259.4,,,,,,,,,,,,,,4533017.89,315731.39,171418105.36,,,,,,12489989.16,,,,,,,3244125.52,,15734114.68,187152220.04,,50714286.0,,,,28903137.03,,,,25446143.94,,,226475919.31,,,331539486.28,,331539486.28,518691706.32,其他,未审计,20241114,CNY,合并期末,2024-11-14T16:20:03
20240630,,63485541.85,,,135499136.56,,,190883419.47,11304407.83,179579011.64,,2840083.19,,,,,,,,,,4643164.24,4643164.24,,,,,,7437085.71,404788431.02,,,,,,,,5345909.66,457680.65,,,29800000.0,,,,,,,,,6559282.09,,6559282.09,,,,,17421338.08,7101260.76,,,1486987.93,,8615739.85,1615055.0,78403254.02,483191685.04,,958278.33,,,,,,19035965.53,,19035965.53,,7155774.92,,,87689177.65,2804810.45,,,,,28612829.67,28612829.67,,,,,,,,,,,,,,4294828.72,1426635.5,151978300.77,,,,,,14542466.77,,,,,,,3220062.53,,17762529.3,169740830.07,,50714286.0,,,,28903137.03,,,,25446143.94,,,208387288.0,,,313450854.97,,313450854.97,483191685.04,定期报告,是,20240828,CNY,合并期末,2024-08-28T16:20:10
20231231,,49060189.1,,,100641001.62,,,181510560.36,6454159.38,175056400.98,,3373093.23,771074.1,,,,,,,,,3964176.3,4735250.4,,,,,,7356565.01,346676659.72,,,,,,,,8588415.08,526970.93,,,29800000.0,,16263698.98,9253738.36,7009960.62,,,,,7009960.62,,7009960.62,,,,,19720855.16,9139059.12,,,1611422.38,,7596830.99,1615055.0,85608569.28,432285229.0,,1296827.07,,,,,,24680421.69,,24680421.69,,8787068.69,,,96195081.51,4368685.3,,,,,14554272.57,14554272.57,,,,,,,,,,,,,,4456776.53,527224.12,154866357.48,,,,,,16686018.1,,,,,,,2578622.39,,19264640.49,174130997.97,,50714286.0,,,,28351607.35,,,,25446143.94,,,153642193.74,,,258154231.03,,258154231.03,432285229.0,定期报告,是,20250428,CNY,合并期末,2024-03-28T17:25:03
20230930,,93216173.99,,,15353285.01,,,160866846.34,2884528.5,157982317.84,,5988900.67,771074.1,,,,,,,,,4553651.8,5324725.9,,,,,,1167924.53,281917856.44,,,,,,,,7066896.26,561616.07,,,29800000.0,,,,,,,,,4444346.11,,4444346.11,,,,,19010717.6,10219493.62,,,1822137.39,,10997533.3,1615055.0,85537795.35,367455651.79,,338548.74,,,,,,18876329.14,,18876329.14,,9509863.76,,,69510573.68,4457863.57,,,,,12793997.66,12793997.66,,,,,,,,,,,,,,3713253.88,570591.83,119771022.26,,,,,,16347134.61,,,,,,,3955756.38,,20302890.99,140073913.25,,50714286.0,,,,28020689.52,,,,18323968.31,,,130322794.71,,,227381738.54,,227381738.54,367455651.79,其他,未审计,20231127,CNY,合并期末,2023-11-27T16:10:05
20230630,,53617004.55,,,44654094.17,,,152478853.69,3875717.4,148603136.29,,5044423.63,,,,,,,,,,4331704.85,4331704.85,,,,,,1167924.53,261294005.42,,,,,,,,8001841.72,596261.21,,,29800000.0,,13416069.8,8822886.75,4593183.05,,,,,4593183.05,,4593183.05,,,,,19923368.9,11299928.12,,,2017852.39,,10368261.63,1615055.0,88215752.02,349509757.44,,338548.74,,,,,,19752860.68,,19752860.68,,8347007.32,,,65121660.68,6543438.86,,,,,10606137.04,10606137.04,,,,,,,,,,,,,,3674487.09,500820.44,114884960.85,,,,,,17815217.65,,,,,,,4202731.35,,22017949.0,136902909.85,,50714286.0,,,,27689771.69,,,,18323968.31,,,115878821.59,,,212606847.59,,212606847.59,349509757.44,招股说明书(申报稿),是,20231228,CNY,合并期末,2023-08-30T22:05:04
20221231,,58661564.07,,,78643435.61,,,142531349.54,1449817.4,141081532.14,,2817803.34,,,,,,,,,,5200956.67,5200956.67,,,,,,792452.83,288647562.06,,,,,,,,8630726.52,665551.49,,,10000000.0,,10610829.44,8367658.09,2243171.35,,,,,2243171.35,,2243171.35,,,,,16613134.6,13018319.22,,,454836.72,,9548650.25,3763200.16,64937590.31,353585152.37,,227618.0,,,,,,8375032.32,,8375032.32,,7581745.58,,,73946135.01,22036536.54,,,,,22037565.1,22037565.1,,,,,,,,,,,,,,2847138.49,454904.74,137506675.78,,,,,,14940745.53,,,,,,,4689298.57,,19630044.1,157136719.88,,50000000.0,,,,17990021.28,,,,18323968.31,,,110134442.9,,,196448432.49,,196448432.49,353585152.37,招股说明书/意向书,是,20251024,CNY,合并期末,2023-04-27T21:35:28
20220930,,63374243.41,,,74375158.9,,,98743065.0,1344817.4,97398247.6,,6386321.45,,,,,,,,,,,7156796.31,,,,,,,250035585.07,,,,,,,,18148959.01,700196.63,,,,,,,,,,,,,,2504820.65,,,,,17383132.09,5495400.56,,,307970.19,,3351314.81,,47891793.94,297927379.01,,19000000.0,,,,,,2410717.91,,2410717.91,,10573586.53,,,58878327.42,8516314.26,,,,,,29812791.92,,,,,,,,,,,,,,2814295.37,634415.19,132640448.6,,,,,,14768336.75,,,,,,,620360.74,,15388697.49,148029146.09,,50000000.0,,,,7639116.81,,,,11202918.39,,,81680727.34,,,150522762.54,-624529.62,149898232.92,297927379.01,其他,未审计,20221208,CNY,合并期末,2022-12-08T16:45:05
20220630,,40277640.57,,,50920765.38,,,123635241.35,6448788.29,117186453.06,,2765630.0,,,,,,,,,,6030087.38,6030087.38,,,,,,,223629364.68,,,,,,,,6735607.21,734841.77,,,10000000.0,,,,,,,,,2793153.07,,2793513.07,,,,,18153129.58,14537831.78,,,572046.51,,9388615.7,801558.0,63717143.62,287346508.3,,227618.0,,,,,,6623995.55,,6623995.55,,11680469.73,,,47554662.09,22869048.88,,,,,20077333.37,20077333.37,,,,,,,,,,,,,,2781831.12,700828.2,112515786.94,,,,,,14591640.51,,,,,,,5029241.74,,19620882.25,132136669.19,,50000000.0,,,,16356101.1,,,,12535963.04,,,76317774.97,,,155209839.11,,155209839.11,287346508.3,定期报告,未审计,20230830,CNY,合并期末,2022-08-30T15:40:07
20211231,,48469250.51,,,82375645.09,,,123775826.17,2760950.38,121014875.79,,3739309.08,,,,,,,,,,4094661.87,4094661.87,,,,,,,262454692.72,,,,,,,,8344114.82,804132.05,,,3000000.0,,11377248.1,7686591.49,3690656.61,,,,,3690656.61,,3690656.61,,,,,19693124.56,15563606.76,,,3946219.83,,3956643.59,471558.0,59470056.22,321924748.94,,9500000.0,,,,,,7897199.41,,7897199.41,,7434274.08,,,76175454.82,20074018.77,,,,,25550114.14,25550114.14,,,,,,,,,,,,,,2600856.07,446056.44,149677973.73,,,,,,17787884.02,,,,,,,663322.46,,18451206.48,168129180.21,,50000000.0,,,,14695233.36,,,,12535963.04,,,76564372.33,,,153795568.73,,153795568.73,321924748.94,招股说明书(申报稿),是,20231228,CNY,合并期末,2022-04-29T16:05:05
20210630,,31501623.03,,,31214685.75,,,54278177.89,2533677.13,51744500.76,,5484366.86,,,,,,,,,,5144411.29,5144411.29,,,,,,,127623264.82,,,,,,,,6888495.65,873422.33,,,46000000.0,,,,,,,,,4794491.05,,4794491.05,,,,,,3071890.24,,,8414921.61,,2667015.52,1413989.32,74124225.72,201747490.54,,9500000.0,,,,,,19427844.9,,19427844.9,,3854609.37,,,34651480.01,6135750.2,,,,,20615553.07,20615553.07,,,,,,,,,,,,,,,231276.56,94416514.11,,,,,,,,,,,,,,,0.0,94416514.11,,50000000.0,,,,7639116.81,,,,6467166.85,,,43224692.77,,,107330976.43,,107330976.43,201747490.54,定期报告,未审计,20210820,CNY,合并期末,2021-08-20T15:55:04
20201231,,25938369.34,,,51643381.52,,,135468374.46,2113441.91,133354932.55,,2768393.79,,,,,,,,,,4514678.8,4514678.8,,,,,,,220333197.91,,,,,,,,8222217.75,942712.61,,,6000000.0,,11628427.29,6439055.44,5189371.85,,,,,5189371.85,,5189371.85,,,,,,3011025.15,,,13046989.71,,3161230.95,1123819.46,40697367.48,261030565.39,,,,,,,,28739586.39,5000000.0,23739586.39,,8284115.95,,,74308056.43,18018075.79,,,,,16843406.06,16843406.06,,,,,,,,,,,,,,,497046.96,146690287.58,,,,,,,,,,,,,107071.23,,107071.23,146797358.81,,20000000.0,,,,11905428.57,,,,8213594.65,,,74114183.36,,,114233206.58,,114233206.58,261030565.39,招股说明书(申报稿),是,20231228,CNY,合并期末,2021-04-21T15:50:04
20200630,,37570191.84,,,9215096.62,,,50509920.7,1599426.92,48910493.78,1710000.0,3165225.95,,,,,,,,,,7836439.86,7836439.86,,,,,,88800.0,110095674.97,,,,,,,,7057934.7,,,,6000000.0,,,,,,,,,6055920.52,,6055920.52,,,,,,808964.4,,,14294779.82,,1811628.98,,36029228.42,146124903.39,,10000000.0,,,,,,533186.34,,533186.34,,5201094.59,,,31068384.95,2163798.99,,,,,32478526.38,32478526.38,,,,,,,,,,,,,,,,81444991.25,,,,,,,,,,,,,,,0.0,81444991.25,,20000000.0,,,,7639116.81,,,,2594656.43,,,34446138.9,,,64679912.14,,64679912.14,146124903.39,定期报告,未审计,20200827,CNY,合并期末,2020-08-27T16:25:03
20191231,,42687328.91,,,41195096.62,,,58909796.24,1773699.89,57136096.35,,1400832.37,,,,,,,,,,4351655.98,4351655.98,,,,,,,148544710.12,,,,,,,,7514676.91,,,,3000000.0,,,,,,,,,6871971.52,,6871971.52,,,,,,133630.04,,,18102558.91,,2156641.42,,37779478.8,186324188.92,,5000000.0,,,,,,34770765.02,,34770765.02,3394663.78,,,,38993525.37,5758605.01,,,,,24629117.23,24629117.23,,,,,,,,,,,,,,,,112546676.41,,,,,,,,,,,,,,,0.0,112546676.41,,10000000.0,,,,7639116.81,,,,8594656.43,,,47543739.27,,,73777512.51,,73777512.51,186324188.92,定期报告,是,20200424,CNY,合并期末,2020-04-24T18:10:03
20190630,,44238129.01,,,,,,41028772.65,1993880.84,39034891.81,,2228460.92,,,,,,,,,,4907244.08,4907244.08,,,,,,13728587.95,106131194.61,,,,,,,,7379271.84,,,,,,,,,,,,,4842266.09,,4842266.09,,,,,,166260.32,,,,,1628337.97,11202556.47,25218692.69,131349887.3,,,,,,,,,,,2718316.04,,,,35753737.55,5048563.66,,,,,31408676.57,31408676.57,,,,,,,,,,,,,,,,74929293.82,,,,,,,,,,,,,,,0.0,74929293.82,,10000000.0,,,,7639116.81,,,,5292962.94,,,33488513.73,,,56420593.48,,56420593.48,131349887.3,定期报告,未审计,20190823,CNY,合并期末,2020-03-13T15:29:48
20181231,,29409825.58,,,,,,40563932.87,250000.0,40313932.87,,1185708.27,,,,,,,,,,4100656.23,4100656.23,,,,,,27400000.0,102660122.95,,,,,,,,7463692.84,,,,,,,,,,,,,3788345.44,,3788345.44,,,,,,198890.6,,,36111.12,,1565945.53,840000.0,13892985.53,116553108.48,,,,,,,,,,,2704519.79,,,,25400089.18,1536362.21,,,,,28151559.65,28151559.65,,,,,,,,,,,,,,,,57792530.83,,,,,,,,,,,,,,,0.0,57792530.83,,10000000.0,,,,7639116.81,,,,5292962.94,,,35828497.9,,,58760577.65,,58760577.65,116553108.48,定期报告,是,20190426,CNY,合并期末,2020-03-13T15:29:48
20180630,,28737884.02,,,,,,39923499.74,,,,1205942.41,,,,,,,,,,5780012.59,5780012.59,,,,,,1079800.25,76727139.01,,,,,,,7557265.09,5263116.46,,,,,,,,,,,,,3785682.01,,3785682.01,,,,,,231520.88,,,,,2221854.18,,19059438.62,95786577.63,,,,,,,,6800.0,,,2332457.5,,,,24474744.61,1017417.44,,,,,17980683.19,17980683.19,,,,,,,,,,,,,,,,45812102.74,,,,,,,,,,,,,,,0.0,45812102.74,,10000000.0,,,,7639116.81,,-703557.0,,3391188.22,,,29647726.86,,,49974474.89,,49974474.89,95786577.63,定期报告,未审计,20180823,CNY,合并期末,2020-03-13T15:29:48
20171231,,23292617.83,,,,,,41643658.34,140024.9,41503633.44,,1521924.71,,,,,,,,,,4705247.44,4705247.44,,,,,,433333.32,71596781.64,,,,,,,8640635.6,5120709.23,,,,,,,,,,,,,4103603.5,,4103603.5,,,,,,264151.16,,,36111.14,,1691132.17,,19856342.8,91453124.44,,500000.0,,,,,,20000.0,,20000.0,1823687.73,,,,27082419.12,3599225.37,,,,,18575990.84,18575990.84,,,,,,,,,,,,,,,,51601323.06,,,,,,,,,,,,,,,0.0,51601323.06,,10000000.0,,,,7639116.81,,108970.88,,3391188.22,,,18712525.47,,,39851801.38,,39851801.38,91453124.44,定期报告,是,20180423,CNY,合并期末,2020-03-13T15:29:48
20170630,,22933051.58,,,,,,24456557.24,1080000.0,23376557.24,,2529949.22,,,,,,,,,,3516058.51,3516058.51,,,,,,903639.43,54339255.98,,,,,,,8167697.08,4643783.8,,,,,,,,,,,,,3358961.38,,3358961.38,,,,,,296781.44,,,252777.8,,1497954.77,,18217956.27,72557212.25,,7500000.0,,,,,,65378.0,,65378.0,231521.85,,,,10686526.5,3665617.92,,,,,16187437.14,16187437.14,,,,,,,,,,,,,,,,38336481.41,,,,,,,,,,,,,,,0.0,38336481.41,,10000000.0,,,,7639116.81,,-245733.01,,1337974.03,,,15489373.01,,,34220730.84,,34220730.84,72557212.25,定期报告,未审计,20170824,CNY,合并期末,2020-03-13T15:29:48
20161231,,29064714.75,,,,,,33188972.26,523105.89,32665866.37,,2332478.29,,,,,,,,,,4089290.43,4089290.43,,,,,,435833.32,69111289.05,,,,,,,8525570.15,4923184.42,,,,,,,,,,,,,3694461.73,,3694461.73,,,,,,194796.34,,,469444.46,,1490447.76,,19297904.86,88409193.91,,16500000.0,,,,,,64527.75,,64527.75,1985715.34,,,,21961525.2,4554383.32,,,,,17109681.89,17109681.89,,,,,,,,,,,,,,,,62175833.5,,,,,,,,,,,,,,,0.0,62175833.5,,10000000.0,,,,7639116.81,,22671.79,,1337974.03,,,7233597.78,,,26233360.41,,26233360.41,88409193.91,定期报告,是,20170411,CNY,合并期末,2020-03-13T15:29:48
20151231,,10429699.86,,,,,,36282079.29,678323.41,35603755.88,,1446253.95,,,,,,,,,,5493460.27,5493460.27,,,,,,40131109.28,93782602.65,,,,,,,10875635.81,1948516.79,,,,,,,,,,,,,4019636.11,,4019636.11,,,,,,,,,,,759411.92,,17603200.63,111385803.28,,,,,,,,1862810.67,,1862810.67,453431.57,,,,20248877.96,2206181.62,,56500000.0,,,11934423.18,68434423.18,,,,,,,,,,,,,,,,93205725.0,,,,,,,,,,,,,193908.95,,193908.95,93399633.95,,10000000.0,,,,1000000.0,,581726.86,,5000000.0,,,1404442.47,,,17986169.33,,17986169.33,111385803.28,招股说明书/意向书,是,20161118,CNY,合并期末,2020-03-13T15:29:48
20141231,,37797147.99,,,,,,24051133.05,,24051133.05,,630760.0,,,,,,,,,,7046872.69,7046872.69,,,,,,202632.92,69728546.65,,,,,,,10000000.0,1734359.79,,,,,,,,,,,,,5384400.25,,5384400.25,,,,,,,,,1202421.77,,552066.83,,18873248.64,88601795.29,,,,,,,,,,,1026676.33,,,,16978506.18,1635435.43,,,,,8357850.97,8357850.97,,,,,,,,,,,,,,,,27998468.91,,,,,,,,,,,,,,,0.0,27998468.91,,10000000.0,,,,1000000.0,,,,5000000.0,,,44603326.38,,,60603326.38,,60603326.38,88601795.29,招股说明书/意向书,是,20161118,CNY,合并期末,2020-03-13T15:29:48
