日期,代码,方向,成交价,成交额,费用,因子值,未来1天收益,未来1周收益,未来1月收益,备注
2013-01-04,sh.600565,买入,3.8,9880.0,5.0988,3.8,0.0052631578947368585,-0.010526315789473717,0.044736842105263186,调仓买入
2013-01-04,sz.002210,买入,5.08,9652.0,5.09652,5.08,0.009842519685039353,-0.013779527559055205,0.011811023622047223,调仓买入
2013-01-04,sz.002276,买入,5.18,9842.0,5.09842,5.18,0.007722007722007707,-0.007722007722007707,0.044401544401544424,调仓买入
2013-01-04,sz.000748,买入,5.26,9468.0,5.09468,5.26,0.005703422053231932,-0.009505703422053147,0.31558935361216744,调仓买入
2013-01-04,sz.000539,买入,5.86,9962.0,5.09962,5.86,-0.010238907849829393,-0.03583617747440271,0.0887372013651877,调仓买入
2013-02-08,sz.000748,卖出,7.29,13122.0,11.692219999999999,,,,,调仓卖出
2013-02-08,sh.600108,买入,6.99,13980.0,5.1398,6.99,0.005722460658083017,0.03433476394849788,-0.06723891273247506,调仓买入
2013-02-22,sh.600108,卖出,7.23,14460.0,12.374600000000001,,,,,调仓卖出
2013-02-22,sz.000537,买入,6.83,14343.0,5.14343,6.83,-0.017569546120058566,-0.013177159590043952,-0.09516837481698392,调仓买入
2013-03-29,sz.000537,卖出,6.45,13545.0,11.90795,,,,,调仓卖出
2013-03-29,sh.600108,买入,6.37,13377.0,5.13377,6.37,0.03296703296703285,0.02511773940345363,0.014128728414442682,调仓买入
2013-04-03,sz.002210,卖出,5.2,9880.0,10.0388,,,,,调仓卖出
2013-04-03,sz.002276,卖出,4.98,9462.0,9.82562,,,,,调仓卖出
2013-04-03,sz.000539,卖出,5.59,9503.0,9.846530000000001,,,,,调仓卖出
2013-04-03,sh.600108,卖出,6.35,13335.0,11.80085,,,,,调仓卖出
2013-04-03,sz.000682,买入,3.0,10500.0,5.105,3.0,-0.009999999999999898,-0.0033333333333332993,0.01333333333333342,调仓买入
2013-04-03,sh.600208,买入,3.29,10528.0,5.10528,3.29,-0.01823708206686936,0.015197568389057725,0.045592705167173175,调仓买入
2013-04-03,sh.600759,买入,4.64,10208.0,5.10208,4.64,-0.010775862068965525,0.0021551724137931494,-0.023706896551723977,调仓买入
2013-04-03,sz.000534,买入,5.08,10160.0,5.1016,5.08,-0.007874015748031482,-0.003937007874015852,0.0059055118110236116,调仓买入
2013-04-26,sz.000534,卖出,5.3,10600.0,10.405999999999999,,,,,调仓卖出
2013-04-26,sh.600790,买入,5.28,11616.0,5.11616,5.28,0.017045454545454586,0.04734848484848486,0.16287878787878785,调仓买入
2013-05-03,sh.600790,卖出,5.45,11990.0,11.1149,,,,,调仓卖出
2013-05-03,sz.000534,买入,5.13,11799.0,5.11799,5.13,-0.009746588693957059,-0.015594541910331383,0.14035087719298245,调仓买入
2013-05-31,sz.000534,卖出,5.85,13455.0,11.86205,,,,,调仓卖出
2013-05-31,sz.000905,买入,5.67,13608.0,5.13608,5.67,0.0017636684303350414,-0.04761904761904756,-0.18165784832451504,调仓买入
2013-06-07,sz.000905,卖出,5.4,12960.0,11.6096,,,,,调仓卖出
2013-06-07,sz.000534,买入,5.31,12743.999999999998,5.12744,5.31,0.07156308851224114,0.06403013182674222,-0.1468926553672315,调仓买入
2013-06-14,sz.000534,卖出,5.58,13392.0,11.82992,,,,,调仓卖出
2013-06-14,sz.000905,买入,5.42,13550.0,5.1355,5.42,0.023985239852398532,-0.01291512915129156,-0.06642066420664217,调仓买入
2013-06-21,sz.000905,卖出,5.35,13375.0,11.82125,,,,,调仓卖出
2013-06-21,sz.000534,买入,5.03,13581.0,5.13581,5.03,-0.09145129224652082,-0.10735586481113324,-0.11530815109343939,调仓买入
2013-07-05,sh.600565,卖出,3.65,9490.0,9.8399,,,,,调仓卖出
2013-07-05,sh.600208,卖出,3.38,10816.0,10.51616,,,,,调仓卖出
2013-07-05,sh.600759,卖出,4.51,9922.0,10.060220000000001,,,,,调仓卖出
2013-07-05,sz.000534,卖出,4.65,12555.000000000002,11.40305,,,,,调仓卖出
2013-07-05,sh.600795,买入,2.26,10621.999999999998,5.10622,2.26,-0.0265486725663715,0.03539823008849563,0.008849557522123908,调仓买入
2013-07-05,sz.000100,买入,2.27,10442.0,5.10442,2.27,-0.04405286343612336,-0.008810572687224627,-0.04405286343612336,调仓买入
2013-07-05,sh.600609,买入,2.96,10656.0,5.10656,2.96,-0.05067567567567566,-0.010135135135135087,0.006756756756756799,调仓买入
2013-07-05,sh.600398,买入,3.08,10472.0,5.10472,3.08,-0.032467532467532534,0.006493506493506551,0.006493506493506551,调仓买入
2013-09-06,sh.600398,卖出,4.99,16966.0,13.652660000000001,,,,,调仓卖出
2013-09-06,sh.601668,买入,3.2,17280.0,5.1728,3.2,0.031249999999999778,0.05624999999999991,0.021874999999999867,调仓买入
2013-09-30,sh.600795,卖出,2.32,10904.0,10.56104,,,,,调仓卖出
2013-09-30,sh.600609,卖出,3.27,11772.0,11.003720000000001,,,,,调仓卖出
2013-09-30,sh.601668,卖出,3.22,17388.0,13.86788,,,,,调仓卖出
2013-09-30,sh.600839,买入,2.11,13293.0,5.13293,2.11,0.009478672985782088,0.028436018957346043,0.2654028436018958,调仓买入
2013-09-30,sz.000301,买入,3.21,13161.0,5.13161,3.21,0.031152647975077885,0.10903426791277271,0.07476635514018692,调仓买入
2013-09-30,sz.000031,买入,3.88,13192.0,5.13192,3.88,0.02577319587628879,0.02577319587628879,-0.03865979381443296,调仓买入
2013-10-11,sz.000031,卖出,4.03,13702.0,11.988019999999999,,,,,调仓卖出
2013-10-11,sh.600565,买入,4.01,14035.0,5.14035,4.01,-0.009975062344139585,-0.029925187032418865,-0.1271820448877805,调仓买入
2014-01-03,sh.600839,卖出,2.8,17640.0,13.996400000000001,,,,,调仓卖出
2014-01-03,sh.600795,买入,2.3,17710.0,5.1771,2.3,-0.01304347826086949,-0.021739130434782483,0.0,调仓买入
2014-03-07,sh.600565,卖出,3.66,12810.0,11.533100000000001,,,,,调仓卖出
2014-03-07,sz.000031,买入,3.27,12753.0,5.12753,3.27,-0.03669724770642202,-0.00917431192660545,0.07339449541284404,调仓买入
2014-04-04,sz.000682,卖出,3.22,11270.0,10.7477,,,,,调仓卖出
2014-04-04,sz.000301,卖出,3.35,13735.0,12.00485,,,,,调仓卖出
2014-04-04,sh.600795,卖出,2.35,18095.0,14.228449999999999,,,,,调仓卖出
2014-04-04,sz.000031,卖出,3.51,13689.0,11.981390000000001,,,,,调仓卖出
2014-04-04,sh.600512,买入,3.0,14100.0,5.141,3.0,0.010000000000000009,0.01333333333333342,-0.053333333333333344,调仓买入
2014-04-04,sz.000767,买入,3.49,13960.0,5.1396,3.49,0.005730659025787732,-0.02005730659025795,-0.19770773638968486,调仓买入
2014-04-04,sh.600565,买入,3.59,14001.0,5.14001,3.59,0.0027855153203342198,0.0055710306406684396,-0.07520891364902504,调仓买入
2014-04-04,sh.600578,买入,3.6,14040.0,5.1404,3.6,0.019444444444444375,0.0,-0.061111111111111116,调仓买入
2014-04-11,sh.600578,卖出,3.63,14157.0,12.22007,,,,,调仓卖出
2014-04-11,sh.600743,买入,3.45,14835.0,5.14835,3.45,0.011594202898550732,-0.02898550724637683,-0.08695652173913049,调仓买入
2014-05-09,sh.600565,卖出,3.55,13845.0,12.06095,,,,,调仓卖出
2014-05-09,sh.600578,买入,3.37,13817.0,5.13817,3.37,0.026706231454005858,0.017804154302670572,-0.011869436201780381,调仓买入
2014-05-16,sh.600578,卖出,3.43,14063.0,12.17213,,,,,调仓卖出
2014-05-16,sh.600565,买入,3.38,13858.0,5.13858,3.38,-0.008875739644970349,0.01479289940828421,-0.008875739644970349,调仓买入
2014-05-23,sh.600565,卖出,3.43,14063.0,12.17213,,,,,调仓卖出
2014-05-23,sh.600578,买入,3.4,14280.0,5.1428,3.4,-0.002941176470588225,-0.01764705882352946,-0.044117647058823484,调仓买入
2014-06-06,sh.600578,卖出,3.35,14070.0,12.175699999999999,,,,,调仓卖出
2014-06-06,sh.600565,买入,3.3,13860.0,5.1386,3.3,0.0,0.00909090909090926,0.0181818181818183,调仓买入
2014-06-27,sh.600565,卖出,3.29,13818.0,12.04718,,,,,调仓卖出
2014-06-27,sh.600578,买入,3.27,13734.0,5.13734,3.27,0.00917431192660545,0.01834862385321112,0.11314984709480136,调仓买入
2014-07-04,sz.000100,卖出,2.31,10626.0,10.41926,,,,,调仓卖出
2014-07-04,sh.600512,卖出,2.8,13160.0,11.7116,,,,,调仓卖出
2014-07-04,sz.000767,卖出,2.77,11080.0,10.6508,,,,,调仓卖出
2014-07-04,sh.600743,卖出,2.85,12255.0,11.250050000000002,,,,,调仓卖出
2014-07-04,sh.600578,卖出,3.33,13986.0,12.13286,,,,,调仓卖出
2014-07-04,sh.600567,买入,2.0,12200.0,5.122,2.0,-0.0050000000000000044,-0.020000000000000018,0.010000000000000009,调仓买入
2014-07-04,sz.000882,买入,2.95,12095.0,5.12095,2.95,-0.016949152542372947,-0.003389830508474634,0.04067796610169472,调仓买入
2014-07-04,sh.600565,买入,3.36,12096.0,5.12096,3.36,0.008928571428571397,0.03571428571428581,0.0714285714285714,调仓买入
2014-07-04,sh.600223,买入,3.59,12206.0,5.12206,3.59,0.0027855153203342198,0.0055710306406684396,0.139275766016713,调仓买入
2014-07-04,sh.600863,买入,3.75,12000.0,5.12,3.75,-0.002666666666666595,0.021333333333333426,-0.29066666666666663,调仓买入
2014-09-30,sh.600567,卖出,2.5,15250.0,12.7775,,,,,调仓卖出
2014-09-30,sz.000882,卖出,3.72,15252.0,12.77852,,,,,调仓卖出
2014-09-30,sh.600565,卖出,4.56,16416.0,13.372160000000001,,,,,调仓卖出
2014-09-30,sh.600863,卖出,3.09,9888.0,10.04288,,,,,调仓卖出
2014-09-30,sz.000979,买入,4.33,14289.0,5.14289,4.33,0.020785219399538146,0.09006928406466508,0.04618937644341803,调仓买入
2014-09-30,sh.600724,买入,5.18,13986.0,5.13986,5.18,0.01930501930501949,0.02316602316602312,-0.021235521235521082,调仓买入
2014-09-30,sh.601766,买入,5.26,14202.0,5.14202,5.26,0.0076045627376426506,0.005703422053231932,0.102661596958175,调仓买入
2014-09-30,sh.600376,买入,5.51,14326.0,5.14326,5.51,0.014519056261343088,0.04900181488203281,0.06170598911070768,调仓买入
2014-10-10,sh.600376,卖出,5.79,15054.0,12.67754,,,,,调仓卖出
2014-10-10,sh.600039,买入,4.88,15616.0,5.15616,4.88,0.018442622950819665,-0.0348360655737705,-0.030737704918032627,调仓买入
2014-10-17,sh.601766,卖出,5.77,15578.999999999998,12.94529,,,,,调仓卖出
2014-10-17,sh.600376,买入,5.57,15596.0,5.15596,5.57,0.008976660682226134,-0.030520646319569078,0.0825852782764811,调仓买入
2014-10-31,sh.600376,卖出,5.78,16184.0,13.25384,,,,,调仓卖出
2014-10-31,sz.000046,买入,5.64,15792.0,5.15792,5.64,0.02659574468085113,0.054964539007092306,0.45390070921985815,调仓买入
2014-11-07,sz.000046,卖出,5.95,16660.0,13.4966,,,,,调仓卖出
2014-11-07,sh.600376,买入,5.76,16704.0,5.16704,5.76,0.02604166666666674,0.046875,0.2586805555555556,调仓买入
2014-11-28,sh.600376,卖出,7.32,21228.0,16.13328,,,,,调仓卖出
2014-11-28,sh.600187,买入,6.68,21376.0,5.55776,6.68,0.011976047904191711,-0.02395209580838331,0.13772455089820368,调仓买入
2014-12-19,sh.600187,卖出,6.87,21984.0,16.70784,,,,,调仓卖出
2014-12-19,sh.600979,买入,6.57,21681.0,5.63706,6.57,-0.019786910197869045,0.03196347031963476,-0.05327245053272456,调仓买入
2014-12-31,sh.600223,卖出,6.62,22508.0,17.10608,,,,,调仓卖出
2014-12-31,sz.000979,卖出,4.55,15015.0,12.65765,,,,,调仓卖出
2014-12-31,sh.600039,卖出,5.46,17472.0,13.910720000000001,,,,,调仓卖出
2014-12-31,sh.600601,买入,4.68,18252.0,5.18252,4.68,0.014957264957265126,0.010683760683760868,0.10470085470085477,调仓买入
2014-12-31,sz.000767,买入,5.51,18183.0,5.18183,5.51,0.007259528130671544,-0.074410163339383,0.005444646098003769,调仓买入
2015-01-09,sh.600979,卖出,6.58,21714.0,16.50264,,,,,调仓卖出
2015-01-09,sz.000533,买入,5.29,20102.0,5.22652,5.29,-0.020793950850661713,-0.017013232514177634,-0.056710775047258966,调仓买入
2015-01-09,sz.000678,买入,6.27,20064.0,5.21664,6.27,-0.04306220095693769,-0.023923444976076458,-0.019138755980861122,调仓买入
2015-01-16,sz.000678,卖出,6.12,19584.0,14.98784,,,,,调仓卖出
2015-01-16,sz.000558,买入,5.35,19795.0,5.19795,5.35,-0.0803738317757009,-0.05046728971962611,-0.009345794392523366,调仓买入
2015-01-23,sh.600724,卖出,5.41,14607.0,12.449570000000001,,,,,调仓卖出
2015-01-30,sh.600724,买入,5.34,14418.0,5.14418,5.34,-0.0074906367041198685,-0.054307116104868935,0.03745318352059934,调仓买入
2015-03-06,sz.000558,卖出,6.57,24309.0,18.47484,,,,,调仓卖出
2015-03-06,sh.600052,买入,6.49,24662.0,6.41212,6.49,0.016949152542372836,0.05855161787365182,0.18335901386748832,调仓买入
2015-03-20,sh.600601,卖出,8.46,32994.0,25.07544,,,,,调仓卖出
2015-03-20,sz.000558,买入,7.56,32508.0,8.45208,7.56,0.029100529100529293,0.09788359788359813,0.48015873015873023,调仓买入
2015-03-27,sz.000558,卖出,8.3,35690.0,27.124399999999998,,,,,调仓卖出
2015-03-27,sh.600187,买入,8.2,36080.0,9.380799999999999,8.2,0.017073170731707332,0.04756097560975614,0.1073170731707318,调仓买入
2015-04-03,sz.000767,卖出,6.46,21318.0,16.201680000000003,,,,,调仓卖出
2015-04-03,sz.000533,卖出,7.49,28462.0,21.63112,,,,,调仓卖出
2015-04-03,sh.600724,卖出,6.87,18549.0,14.45999,,,,,调仓卖出
2015-04-03,sh.600052,卖出,7.68,29184.0,22.17984,,,,,调仓卖出
2015-04-03,sh.600187,卖出,8.59,37796.0,28.72496,,,,,调仓卖出
2015-04-03,sh.600020,买入,5.74,26978.0,7.01428,5.74,0.06794425087108014,0.1428571428571428,0.3292682926829267,调仓买入
2015-04-03,sh.600236,买入,6.91,26949.0,7.006740000000001,6.91,0.01447178002894356,0.052098408104196636,0.20115774240231565,调仓买入
2015-04-03,sh.600396,买入,8.25,26400.0,6.864000000000001,8.25,0.024242424242424176,-0.002424242424242329,0.040000000000000036,调仓买入
2015-04-03,sz.000637,买入,8.98,26940.0,7.0044,8.98,0.015590200445434244,0.00445434298440972,0.12249443207126953,调仓买入
2015-04-03,sz.000558,买入,9.29,26940.999999999996,7.0046599999999986,9.29,0.1001076426264802,0.30032292787944037,0.29171151776103343,调仓买入
2015-04-10,sz.000558,卖出,12.09,35061.0,26.64636,,,,,调仓卖出
2015-04-10,sh.600982,买入,8.95,35800.0,9.308000000000002,8.95,0.024581005586592264,0.012290502793296243,-0.027932960893854775,调仓买入
2015-04-17,sz.000637,卖出,9.6,28800.0,21.888,,,,,调仓卖出
2015-04-17,sh.600565,买入,8.59,28347.0,7.370220000000001,8.59,-0.03725261932479629,0.033760186263096736,0.38067520372526187,调仓买入
2015-05-08,sh.600565,卖出,9.59,31647.0,24.051720000000003,,,,,调仓卖出
2015-05-08,sh.600173,买入,9.31,31654.0,8.23004,9.31,0.03437164339419985,0.03866809881847466,0.4156820622986035,调仓买入
2015-05-15,sh.600173,卖出,9.67,32878.0,24.98728,,,,,调仓卖出
2015-05-15,sz.000637,买入,9.58,32572.0,8.468720000000001,9.58,-0.0052192066805846205,0.13569937369519836,0.45093945720250517,调仓买入
2015-05-22,sz.000637,卖出,10.88,36992.0,28.11392,,,,,调仓卖出
2015-05-22,sh.600173,买入,10.84,36856.0,9.58256,10.84,0.047970479704797064,0.2158671586715868,0.05904059040590415,调仓买入
2015-05-29,sh.600173,卖出,13.18,44812.0,34.05712,,,,,调仓卖出
2015-05-29,sz.000637,买入,10.1,45450.0,11.817,10.1,0.10000000000000009,0.25643564356435644,0.18118811881188113,调仓买入
2015-06-12,sz.000637,卖出,13.9,62550.0,47.538000000000004,,,,,调仓卖出
2015-06-19,sh.600173,买入,11.48,61992.0,16.11792,11.48,-0.04965156794425085,-0.2447735191637631,-0.32229965156794427,调仓买入
2015-07-03,sh.600020,卖出,5.75,27025.0,20.539,,,,,调仓卖出
2015-07-03,sz.000725,买入,4.06,27607.999999999996,7.17808,4.06,-0.004926108374384119,-0.10344827586206884,-0.08866995073891615,调仓买入
2015-07-10,sh.600236,卖出,8.06,31434.000000000004,23.889840000000003,,,,,调仓卖出
2015-07-10,sh.600396,卖出,8.2,26239.999999999996,19.9424,,,,,调仓卖出
2015-07-10,sh.600982,卖出,5.94,23760.0,18.0576,,,,,调仓卖出
2015-07-17,sh.600173,卖出,7.08,38232.0,29.05632,,,,,调仓卖出
2015-07-17,sh.600208,买入,5.86,29300.0,7.618,5.86,0.015358361774743923,0.07337883959044356,0.10068259385665534,调仓买入
2015-07-17,sz.000572,买入,7.28,29848.0,7.760479999999999,7.28,-0.015109890109890167,-0.017857142857142794,0.09615384615384626,调仓买入
2015-07-17,sh.601872,买入,7.61,29679.0,7.71654,7.61,0.06307490144546635,0.1353482260183969,0.3193166885676739,调仓买入
2015-07-17,sh.600162,买入,7.64,29796.0,7.74696,7.64,0.0327225130890052,0.053664921465968796,0.1361256544502618,调仓买入
2015-08-14,sh.601872,卖出,10.04,39156.0,29.75856,,,,,调仓卖出
2015-08-14,sh.600048,买入,9.78,40098.0,10.42548,9.78,0.014314928425357865,-0.12269938650306744,-0.18302658486707557,调仓买入
2015-08-21,sh.600048,卖出,8.58,35178.0,26.735279999999996,,,,,调仓卖出
2015-08-21,sh.601872,买入,8.34,35028.0,9.10728,8.34,-0.09952038369304561,-0.10791366906474809,-0.16666666666666663,调仓买入
2015-09-18,sh.601872,卖出,6.59,27678.0,21.03528,,,,,调仓卖出
2015-09-18,sh.600353,买入,6.13,27585.0,7.1721,6.13,0.09951060358890707,0.04404567699836881,0.4339314845024469,调仓买入
2015-09-30,sz.000572,卖出,5.76,23616.0,17.94816,,,,,调仓卖出
2015-09-30,sh.600162,卖出,6.14,23946.0,18.19896,,,,,调仓卖出
2015-09-30,sh.600353,卖出,6.31,28395.0,21.580199999999998,,,,,调仓卖出
2015-09-30,sz.000959,买入,3.85,25025.0,6.506500000000001,3.85,0.025974025974025983,0.020779220779220786,-0.04935064935064937,调仓买入
2015-09-30,sh.600020,买入,5.23,25104.000000000004,6.52704,5.23,0.030592734225621365,0.0669216061185467,0.14531548757170176,调仓买入
2015-09-30,sz.000429,买入,5.39,25333.0,6.5865800000000005,5.39,0.03339517625231925,0.06864564007421148,0.23747680890538048,调仓买入
2015-11-06,sz.000429,卖出,6.77,31818.999999999996,24.182439999999996,,,,,调仓卖出
2015-11-06,sz.000671,买入,6.46,32300.0,8.398,6.46,-0.003095975232198067,0.02941176470588247,0.21052631578947367,调仓买入
2015-11-13,sz.000671,卖出,6.65,33250.0,25.27,,,,,调仓卖出
2015-11-13,sz.000429,买入,6.44,32844.0,8.53944,6.44,0.03881987577639756,0.032608695652173836,-0.026397515527950444,调仓买入
2015-12-31,sz.000725,卖出,2.97,20196.0,15.348960000000002,,,,,调仓卖出
2015-12-31,sz.000667,买入,4.96,20336.0,5.2873600000000005,4.96,-0.006048387096774244,0.12298387096774199,-0.24193548387096775,调仓买入
2016-01-08,sh.600020,卖出,6.05,29040.0,22.0704,,,,,调仓卖出
2016-01-08,sh.601872,买入,5.88,29400.0,7.644,5.88,-0.07653061224489799,-0.1445578231292517,-0.18877551020408168,调仓买入
2016-01-15,sz.000429,卖出,5.3,27030.0,20.5428,,,,,调仓卖出
2016-01-15,sh.600396,买入,5.2,27040.0,7.0304,5.2,0.0019230769230769162,-0.0019230769230769162,-0.04038461538461535,调仓买入
2016-03-04,sh.601872,卖出,5.08,25400.0,19.304000000000002,,,,,调仓卖出
2016-03-04,sz.000429,买入,5.06,25299.999999999996,6.577999999999999,5.06,0.013833992094861802,-0.035573122529644174,0.10671936758893286,调仓买入
2016-03-18,sz.000429,卖出,5.23,26150.000000000004,19.874000000000002,,,,,调仓卖出
2016-03-18,sh.601872,买入,5.15,25750.0,6.695,5.15,0.027184466019417375,0.0019417475728153999,0.07184466019417468,调仓买入
2016-04-01,sh.600208,卖出,4.02,20099.999999999996,15.275999999999998,,,,,调仓卖出
2016-04-01,sh.600396,卖出,5.29,27508.0,20.90608,,,,,调仓卖出
2016-04-01,sh.600853,买入,5.56,23908.0,6.216080000000001,5.56,0.030575539568345578,0.04856115107913683,0.1205035971223023,调仓买入
2016-04-01,sz.000429,买入,5.6,23520.0,6.1152,5.6,0.03571428571428581,0.010714285714285898,0.03214285714285725,调仓买入
2016-07-01,sh.600853,卖出,5.26,22618.0,17.189680000000003,,,,,调仓卖出
2016-07-01,sz.000429,卖出,5.47,22974.0,17.46024,,,,,调仓卖出
2016-07-01,sh.600239,买入,4.62,22638.0,5.88588,4.62,0.025974025974025983,0.051948051948051965,0.09740259740259738,调仓买入
2016-07-01,sh.600724,买入,5.12,23040.0,5.9904,5.12,0.021484375,0.0234375,0.072265625,调仓买入
2016-09-30,sz.000959,卖出,5.09,33085.0,25.1446,,,,,调仓卖出
2016-09-30,sh.601872,卖出,5.1,25500.0,19.38,,,,,调仓卖出
2016-09-30,sh.600724,卖出,5.85,26325.0,20.006999999999998,,,,,调仓卖出
2016-09-30,sz.002477,买入,5.2,28080.0,7.300800000000001,5.2,0.01538461538461533,0.0038461538461538325,0.007692307692307665,调仓买入
2016-09-30,sh.600512,买入,5.22,28188.0,7.32888,5.22,0.04022988505747116,0.049808429118774145,-0.011494252873563093,调仓买入
2016-09-30,sz.000652,买入,5.49,27999.0,7.27974,5.49,0.014571948998178597,0.11111111111111094,0.07832422586520948,调仓买入
2016-10-14,sz.000652,卖出,6.1,31110.0,23.6436,,,,,调仓卖出
2016-10-14,sz.002506,买入,6.08,31616.0,8.22016,6.08,-0.021381578947368363,-0.004934210526315819,-0.004934210526315819,调仓买入
2016-10-28,sz.002506,卖出,6.03,31356.0,23.830560000000002,,,,,调仓卖出
2016-10-28,sz.000652,买入,5.92,31376.0,8.15776,5.92,-0.01858108108108114,0.0,0.0489864864864864,调仓买入
2016-11-25,sz.000652,卖出,6.21,32913.0,25.01388,,,,,调仓卖出
2016-11-25,sz.002506,买入,6.03,33165.0,8.6229,6.03,0.0016583747927030323,-0.018242122719734688,-0.0978441127694859,调仓买入
2016-12-02,sz.002506,卖出,5.92,32560.0,24.745600000000003,,,,,调仓卖出
2016-12-02,sh.600077,买入,5.75,32200.0,8.372,5.75,-0.003478260869565153,-0.0017391304347825765,-0.050434782608695605,调仓买入
2016-12-09,sh.600239,卖出,6.24,30576.0,23.23776,,,,,调仓卖出
2016-12-09,sz.000652,买入,5.74,30996.0,8.05896,5.74,-0.057491289198606244,-0.013937282229965153,0.029616724738676048,调仓买入
2016-12-16,sz.000652,卖出,5.66,30564.0,23.22864,,,,,调仓卖出
2016-12-16,sz.002506,买入,5.59,30186.0,7.84836,5.59,-0.012522361359570744,-0.02683363148479423,-0.12880143112701248,调仓买入
2016-12-30,sh.600512,卖出,5.3,28620.0,21.7512,,,,,调仓卖出
2016-12-30,sz.002506,卖出,5.52,29807.999999999996,22.654079999999997,,,,,调仓卖出
2016-12-30,sh.600159,买入,5.34,28836.0,7.4973600000000005,5.34,0.013108614232209881,0.04868913857677892,-0.014981273408239737,调仓买入
2016-12-30,sz.000652,买入,5.52,29255.999999999996,7.606559999999999,5.52,0.01449275362318847,0.07065217391304368,0.005434782608695787,调仓买入
2017-01-06,sz.000652,卖出,5.89,31217.0,23.72492,,,,,调仓卖出
2017-01-06,sh.600239,买入,5.83,31482.0,8.185319999999999,5.83,0.0017152658662091813,0.04288164665523153,0.12349914236706683,调仓买入
2017-01-13,sh.600239,卖出,6.08,32832.0,24.95232,,,,,调仓卖出
2017-01-13,sz.000652,买入,5.65,32770.0,8.5202,5.65,-0.04955752212389386,-0.030088495575221197,0.0265486725663715,调仓买入
2017-03-31,sz.000667,卖出,3.61,14801.0,12.54851,,,,,调仓卖出
2017-03-31,sh.600077,卖出,4.91,27496.0,20.89696,,,,,调仓卖出
2017-03-31,sz.000652,卖出,5.68,32944.0,25.037440000000004,,,,,调仓卖出
2017-03-31,sh.600782,买入,3.72,24924.0,6.48024,3.72,0.032258064516129004,-0.008064516129032362,-0.09408602150537637,调仓买入
2017-03-31,sh.601636,买入,4.42,24752.0,6.4355199999999995,4.42,0.06334841628959276,0.05882352941176472,-0.009049773755656076,调仓买入
2017-03-31,sh.600868,买入,5.43,24978.0,6.494280000000001,5.43,0.0036832412523020164,0.005524861878453136,-0.08287292817679548,调仓买入
2017-06-02,sh.600159,卖出,4.83,26082.0,19.82232,,,,,调仓卖出
2017-06-02,sz.000670,买入,4.59,26622.0,6.92172,4.59,0.023965141612200425,0.10457516339869288,0.13725490196078427,调仓买入
2017-06-09,sz.000670,卖出,5.07,29406.0,22.348560000000003,,,,,调仓卖出
2017-06-09,sh.600159,买入,4.98,29382.000000000004,7.639320000000001,4.98,0.002008032128514081,-0.012048192771084487,-0.03413654618473916,调仓买入
2017-06-16,sh.600868,卖出,5.0,23000.0,17.48,,,,,调仓卖出
2017-06-16,sz.002131,买入,3.6,23040.0,5.9904,3.6,0.002777777777777768,-0.047222222222222165,-0.08888888888888902,调仓买入
2017-06-23,sh.600159,卖出,4.93,29087.0,22.10612,,,,,调仓卖出
2017-06-23,sz.002239,买入,4.25,28900.0,7.514,4.25,0.0117647058823529,0.018823529411764683,-0.040000000000000036,调仓买入
2017-06-30,sz.002477,卖出,4.43,23922.0,18.18072,,,,,调仓卖出
2017-06-30,sh.600782,卖出,3.65,24455.0,18.585800000000003,,,,,调仓卖出
2017-06-30,sz.002131,卖出,3.29,21056.0,16.002560000000003,,,,,调仓卖出
2017-06-30,sz.002239,卖出,4.33,29444.0,22.37744,,,,,调仓卖出
2017-06-30,sh.600567,买入,3.58,24702.0,6.4225200000000005,3.58,0.027932960893854775,0.08659217877094982,0.11731843575418988,调仓买入
2017-06-30,sz.000725,买入,4.16,24544.0,6.3814400000000004,4.16,-0.009615384615384581,-0.004807692307692402,-0.060096153846153855,调仓买入
2017-06-30,sz.000709,买入,4.19,24721.000000000004,6.427460000000001,4.19,0.03341288782816232,0.04057279236276856,0.22434367541766087,调仓买入
2017-06-30,sh.601918,买入,4.33,24681.0,6.41706,4.33,-0.002309468822170868,0.03926096997690531,0.10161662817551953,调仓买入
2017-07-07,sh.601636,卖出,4.95,27720.0,21.0672,,,,,调仓卖出
2017-07-07,sh.603077,买入,2.37,28203.0,7.33278,2.37,0.012658227848101111,-0.021097046413502185,0.00843881856540074,调仓买入
2017-07-14,sh.601918,卖出,4.46,25422.0,19.32072,,,,,调仓卖出
2017-07-14,sh.600577,买入,4.42,25194.0,6.55044,4.42,-0.05203619909502255,-0.013574660633484115,-0.05882352941176461,调仓买入
2017-07-28,sz.000709,卖出,5.13,30267.0,23.00292,,,,,调仓卖出
2017-07-28,sz.000903,买入,4.25,30175.0,7.8455,4.25,0.0,0.0023529411764704466,-0.02117647058823524,调仓买入
2017-08-11,sh.600567,卖出,4.51,31119.0,23.65044,,,,,调仓卖出
2017-08-11,sz.000517,买入,4.47,31290.0,8.1354,4.47,0.017897091722595126,0.0022371364653246406,-0.015659955257270597,调仓买入
2017-10-13,sz.000725,卖出,5.1,30089.999999999996,22.868399999999998,,,,,调仓卖出
2017-10-13,sh.603077,卖出,2.34,27846.0,21.162959999999998,,,,,调仓卖出
2017-10-13,sh.600010,买入,2.66,28728.0,7.46928,2.66,0.0,-0.03759398496240607,-0.00375939849624074,调仓买入
2017-10-13,sz.000683,买入,3.24,28836.000000000004,7.497360000000001,3.24,-0.012345679012345734,-0.024691358024691357,-0.0771604938271605,调仓买入
2017-10-20,sh.600577,卖出,4.27,24338.999999999996,18.497639999999997,,,,,调仓卖出
2017-10-20,sh.601918,买入,4.2,24360.0,6.3336,4.2,0.004761904761904745,-0.004761904761904856,-0.07857142857142863,调仓买入
2017-11-03,sz.000517,卖出,4.18,29259.999999999996,22.2376,,,,,调仓卖出
2017-11-03,sz.000709,买入,4.09,29448.0,7.65648,4.09,0.009779951100244544,0.019559902200489088,0.009779951100244544,调仓买入
2017-11-10,sz.000709,卖出,4.17,30024.0,22.81824,,,,,调仓卖出
2017-11-10,sz.000517,买入,4.15,29880.000000000004,7.768800000000001,4.15,-0.002409638554217053,-0.048192771084337394,-0.10602409638554222,调仓买入
2017-12-22,sh.601918,卖出,3.86,22388.0,17.01488,,,,,调仓卖出
2017-12-22,sh.600577,买入,3.82,22538.0,5.85988,3.82,-0.010471204188481686,-0.015706806282722474,0.01832460732984309,调仓买入
2018-01-05,sz.000903,卖出,3.63,25773.0,19.58748,,,,,调仓卖出
2018-01-05,sh.600010,卖出,2.5,27000.0,20.52,,,,,调仓卖出
2018-01-05,sz.000517,卖出,3.81,27432.0,20.84832,,,,,调仓卖出
2018-01-05,sz.000420,买入,3.19,26477.0,6.8840200000000005,3.19,0.0031347962382446415,0.009404388714733702,-0.07836990595611282,调仓买入
2018-01-05,sh.601016,买入,3.35,26465.0,6.8809,3.35,0.0029850746268655914,0.029850746268656803,-0.047761194029850795,调仓买入
2018-01-05,sh.601918,买入,3.95,26465.0,6.8809,3.95,0.022784810126582178,-0.005063291139240533,-0.12658227848101267,调仓买入
2018-02-09,sh.600577,卖出,3.61,21299.0,16.18724,,,,,调仓卖出
2018-02-09,sh.600743,买入,3.38,21970.0,5.712199999999999,3.38,0.01775147928994092,0.0798816568047338,0.050295857988165604,调仓买入
2018-04-04,sz.000683,卖出,2.68,23852.0,18.12752,,,,,调仓卖出
2018-04-04,sh.600743,卖出,3.36,21840.0,16.598399999999998,,,,,调仓卖出
2018-04-04,sz.000709,买入,3.36,22512.0,5.8531200000000005,3.36,-0.005952380952380931,0.005952380952380931,-0.017857142857142905,调仓买入
2018-04-04,sh.601388,买入,3.39,22713.0,5.90538,3.39,0.0,0.020648967551622377,-0.008849557522124019,调仓买入
2018-04-20,sh.601388,卖出,3.49,23383.0,17.771079999999998,,,,,调仓卖出
2018-04-20,sh.600527,买入,2.82,23688.0,6.15888,2.82,-0.01773049645390068,0.07092198581560294,0.09929078014184411,调仓买入
2018-04-27,sz.000709,卖出,3.28,21976.0,16.70176,,,,,调仓卖出
2018-04-27,sz.002496,买入,3.13,21910.0,5.6966,3.13,0.009584664536741228,0.07987220447284349,0.015974440894568787,调仓买入
2018-05-04,sh.601918,卖出,3.44,23048.0,17.51648,,,,,调仓卖出
2018-05-04,sz.000709,买入,3.28,22960.0,5.9696,3.28,0.009146341463414753,0.0,-0.04268292682926822,调仓买入
2018-05-18,sz.002496,卖出,3.46,24220.0,18.4072,,,,,调仓卖出
2018-05-18,sh.601388,买入,3.28,24272.0,6.310720000000001,3.28,0.018292682926829285,-0.018292682926829174,-0.19512195121951215,调仓买入
2018-05-25,sz.000709,卖出,3.26,22820.0,17.3432,,,,,调仓卖出
2018-05-25,sz.002496,买入,3.21,22791.0,5.92566,3.21,-0.006230529595015577,-0.03738317757009346,-0.161993769470405,调仓买入
2018-06-01,sh.601016,卖出,3.34,26386.0,20.053359999999998,,,,,调仓卖出
2018-06-01,sz.000709,买入,3.14,26376.0,6.857760000000001,3.14,0.0,-0.015923566878981,-0.0859872611464968,调仓买入
2018-06-22,sz.000709,卖出,3.14,26376.0,20.04576,,,,,调仓卖出
2018-06-22,sz.002509,买入,2.88,26496.0,6.888960000000001,2.88,0.003472222222222321,0.01041666666666674,-0.03472222222222221,调仓买入
2018-06-29,sz.002509,卖出,2.91,26772.0,20.34672,,,,,调仓卖出
2018-06-29,sh.601016,买入,2.87,26691.0,6.93966,2.87,-0.03135888501742168,-0.05226480836236935,0.03484320557491283,调仓买入
2018-07-06,sz.000420,卖出,2.38,19754.0,15.07454,,,,,调仓卖出
2018-07-06,sh.600527,卖出,2.41,20244.0,15.38544,,,,,调仓卖出
2018-07-06,sh.601388,卖出,2.32,17168.0,13.75568,,,,,调仓卖出
2018-07-06,sz.002496,卖出,2.64,18744.0,14.559439999999999,,,,,调仓卖出
2018-07-06,sh.600010,买入,1.49,18923.0,5.18923,1.49,0.020134228187919545,0.033557046979865834,0.06040268456375841,调仓买入
2018-07-06,sh.600777,买入,2.08,18928.0,5.18928,2.08,0.019230769230769162,-0.004807692307692402,0.04807692307692313,调仓买入
2018-07-06,sz.000875,买入,2.77,18836.0,5.18836,2.77,0.014440433212996373,0.04332129963898912,0.06137184115523464,调仓买入
2018-07-06,sz.002447,买入,3.07,18727.0,5.18727,3.07,0.02931596091205213,0.032573289902280145,0.16286644951140072,调仓买入
2018-07-27,sz.002447,卖出,3.81,23241.0,17.663159999999998,,,,,调仓卖出
2018-07-27,sh.600077,买入,3.41,23529.0,6.11754,3.41,-0.008797653958944385,-0.05278592375366575,-0.11143695014662769,调仓买入
2018-08-10,sh.600077,卖出,3.28,22632.0,17.20032,,,,,调仓卖出
2018-08-10,sh.600208,买入,3.28,22632.0,5.884320000000001,3.28,-0.0060975609756097615,-0.04878048780487798,-0.05182926829268286,调仓买入
2018-08-17,sh.600208,卖出,3.12,21528.0,16.36128,,,,,调仓卖出
2018-08-17,sh.600077,买入,3.08,21560.0,5.6056,3.08,0.0,-0.016233766233766267,-0.012987012987012991,调仓买入
2018-08-31,sh.600077,卖出,3.04,21280.0,16.172800000000002,,,,,调仓卖出
2018-08-31,sz.000629,买入,3.03,21210.0,5.514600000000001,3.03,-0.01650165016501648,-0.03300330033003285,0.45874587458745886,调仓买入
2018-09-07,sz.000629,卖出,2.93,20510.0,15.587600000000002,,,,,调仓卖出
2018-09-07,sz.002102,买入,2.85,20520.0,5.3351999999999995,2.85,-0.03508771929824561,-0.1964912280701755,-0.23508771929824557,调仓买入
2018-10-12,sh.600777,卖出,2.51,22840.999999999996,17.35916,,,,,调仓卖出
2018-10-12,sz.000875,卖出,2.6,17680.0,14.0168,,,,,调仓卖出
2018-10-12,sz.000882,买入,2.28,20292.0,5.27592,2.28,-0.02631578947368407,-0.04824561403508765,0.01754385964912286,调仓买入
2018-10-12,sz.002526,买入,2.31,20097.0,5.22522,2.31,-0.025974025974025983,-0.1645021645021646,-0.08225108225108224,调仓买入
2018-10-19,sz.002102,卖出,1.78,12816.0,11.53616,,,,,调仓卖出
2018-10-19,sh.600777,买入,2.34,12870.0,5.1287,2.34,0.03846153846153855,0.00427350427350448,0.042735042735042805,调仓买入
2019-01-04,sz.000882,卖出,2.28,20292.0,15.42192,,,,,调仓卖出
2019-01-04,sz.000420,买入,1.9,20330.0,5.2858,1.9,0.021052631578947434,0.06315789473684208,0.03157894736842115,调仓买入
2019-03-08,sh.601016,卖出,3.22,29946.0,22.758960000000002,,,,,调仓卖出
2019-03-08,sh.600077,买入,3.14,29830.0,7.755800000000001,3.14,0.028662420382165488,0.022292993630573132,0.18152866242038201,调仓买入
2019-03-15,sh.600077,卖出,3.21,30495.0,23.1762,,,,,调仓卖出
2019-03-15,sh.601016,买入,3.12,30576.0,7.94976,3.12,0.022435897435897356,0.05769230769230771,0.0032051282051281937,调仓买入
2019-04-04,sz.000420,卖出,3.01,32206.999999999996,24.477319999999995,,,,,调仓卖出
2019-04-04,sh.601016,卖出,3.22,31556.000000000004,23.982560000000003,,,,,调仓卖出
2019-04-04,sh.600317,买入,3.21,31779.0,8.26254,3.21,-0.015576323987538832,-0.04049844236760125,-0.190031152647975,调仓买入
2019-04-04,sz.000760,买入,3.26,31621.999999999996,8.22172,3.26,-0.024539877300613355,0.1595092024539877,-0.2116564417177914,调仓买入
2019-04-12,sz.000760,卖出,3.78,36666.0,27.86616,,,,,调仓卖出
2019-04-12,sh.600077,买入,3.66,36966.0,9.61116,3.66,-0.019125683060109422,0.0,-0.19672131147540983,调仓买入
2019-04-26,sh.600077,卖出,3.36,33936.0,25.791359999999997,,,,,调仓卖出
2019-04-26,sz.000760,买入,3.2,33920.0,8.8192,3.2,-0.06562499999999993,-0.19687500000000013,-0.4843750000000001,调仓买入
2019-05-10,sz.000760,卖出,2.32,24592.0,18.68992,,,,,调仓卖出
2019-05-10,sh.600077,买入,2.94,24402.0,6.34452,2.94,0.0,-0.027210884353741527,-0.05782312925170063,调仓买入
2019-07-05,sh.600010,卖出,1.67,21209.0,16.11884,,,,,调仓卖出
2019-07-05,sz.002526,卖出,2.24,19488.000000000004,14.938880000000001,,,,,调仓卖出
2019-07-05,sh.600777,卖出,2.04,11220.0,10.7222,,,,,调仓卖出
2019-07-05,sh.600317,卖出,2.78,27521.999999999996,20.916719999999998,,,,,调仓卖出
2019-07-05,sh.600077,卖出,2.84,23572.0,17.91472,,,,,调仓卖出
2019-07-05,sh.603077,买入,2.0,20400.0,5.304,2.0,-0.015000000000000013,0.010000000000000009,-0.07999999999999996,调仓买入
2019-07-05,sz.000630,买入,2.4,20400.0,5.304,2.4,-0.029166666666666563,-0.025000000000000022,-0.04583333333333328,调仓买入
2019-07-05,sh.600871,买入,2.47,20501.0,5.33026,2.47,-0.02429149797570851,-0.012145748987854366,-0.0850202429149799,调仓买入
2019-07-05,sz.002305,买入,2.63,20514.0,5.33364,2.63,-0.026615969581748944,-0.0076045627376425395,-0.14068441064638793,调仓买入
2019-07-05,sz.002060,买入,3.23,20349.0,5.29074,3.23,-0.034055727554179516,-0.03095975232198145,-0.07120743034055732,调仓买入
2019-09-20,sz.002060,卖出,3.1,19530.0,14.9603,,,,,调仓卖出
2019-09-20,sz.000629,买入,3.06,20196.0,5.25096,3.06,-0.009803921568627527,-0.016339869281045805,-0.04901960784313719,调仓买入
2019-09-30,sh.603077,卖出,1.55,15810.0,13.0631,,,,,调仓卖出
2019-09-30,sz.000630,卖出,2.17,18445.0,14.40695,,,,,调仓卖出
2019-09-30,sh.600871,卖出,2.24,18592.0,14.481919999999999,,,,,调仓卖出
2019-09-30,sz.002305,卖出,2.13,16614.0,13.47314,,,,,调仓卖出
2019-09-30,sz.000629,卖出,2.99,19734.0,15.064340000000001,,,,,调仓卖出
2019-09-30,sz.000517,买入,2.64,17688.0,5.17688,2.64,0.02651515151515138,0.07196969696969702,0.007575757575757569,调仓买入
2019-09-30,sh.600322,买入,3.14,17584.0,5.17584,3.14,0.0,0.07643312101910826,-0.01273885350318471,调仓买入
2019-09-30,sz.000677,买入,3.15,17640.0,5.1764,3.15,0.0031746031746031633,0.26666666666666683,0.09523809523809534,调仓买入
2019-09-30,sh.600565,买入,3.2,17600.0,5.176,3.2,0.018749999999999822,0.07187499999999991,0.0,调仓买入
2019-09-30,sz.000716,买入,3.2,17600.0,5.176,3.2,0.0031249999999998224,0.08437500000000009,-0.006249999999999978,调仓买入
2019-10-11,sz.000677,卖出,3.63,20328.0,15.44928,,,,,调仓卖出
2019-10-11,sz.000716,卖出,3.48,19140.0,14.7614,,,,,调仓卖出
2019-10-11,sh.600170,买入,3.38,20280.0,5.2728,3.38,0.01479289940828421,0.002958579881656931,0.020710059171597628,调仓买入
2019-10-11,sh.601588,买入,3.45,20010.0,5.2026,3.45,0.02318840579710124,-0.020289855072463836,-0.08115942028985512,调仓买入
2019-10-25,sh.600170,卖出,3.4,20400.0,15.504000000000001,,,,,调仓卖出
2019-10-25,sz.000716,买入,3.4,20740.0,5.3924,3.4,0.01764705882352935,-0.061764705882352944,-0.11176470588235288,调仓买入
2019-11-29,sh.600565,卖出,3.16,17380.0,13.8638,,,,,调仓卖出
2019-11-29,sh.600533,买入,3.13,17215.0,5.17215,3.13,0.012779552715654896,0.009584664536741228,0.051118210862619806,调仓买入
2019-12-27,sz.000716,卖出,3.44,20984.0,15.947840000000001,,,,,调仓卖出
2019-12-27,sh.600008,买入,3.25,21125.0,5.4925,3.25,0.006153846153846176,0.024615384615384706,-0.08615384615384614,调仓买入
2020-01-03,sz.000517,卖出,2.77,18559.0,14.46509,,,,,调仓卖出
2020-01-03,sh.600322,卖出,3.03,16968.0,13.65368,,,,,调仓卖出
2020-01-03,sh.601588,卖出,3.29,19082.0,14.73182,,,,,调仓卖出
2020-01-03,sh.600533,卖出,3.36,18480.0,14.424800000000001,,,,,调仓卖出
2020-01-03,sh.600008,卖出,3.35,21775.0,16.549,,,,,调仓卖出
2020-01-03,sh.600777,买入,2.18,18748.0,5.18748,2.18,0.04587155963302725,-0.013761467889908396,-0.12385321100917446,调仓买入
2020-01-03,sz.002305,买入,2.23,18732.0,5.18732,2.23,-0.004484304932735328,-0.013452914798206206,-0.20627802690582964,调仓买入
2020-01-03,sh.600871,买入,2.42,18876.0,5.18876,2.42,0.02892561983471076,-0.028925619834710647,-0.13223140495867758,调仓买入
2020-01-03,sh.600496,买入,3.02,18724.0,5.18724,3.02,0.013245033112582849,0.0066225165562914245,0.043046357615893927,调仓买入
2020-01-03,sz.002060,买入,3.06,18666.0,5.18666,3.06,0.0,-0.0032679738562092497,-0.11111111111111105,调仓买入
2020-01-10,sz.002060,卖出,3.05,18605.0,14.48855,,,,,调仓卖出
2020-01-10,sh.600370,买入,2.98,19370.0,5.1937,2.98,-0.010067114093959662,-0.020134228187919434,-0.07382550335570481,调仓买入
2020-01-17,sh.600496,卖出,3.17,19654.0,15.02354,,,,,调仓卖出
2020-01-17,sz.002060,买入,2.99,19734.0,5.19734,2.99,0.006688963210702115,-0.12040133779264228,-0.06688963210702348,调仓买入
2020-03-06,sh.600370,卖出,3.48,22620.0,17.191200000000002,,,,,调仓卖出
2020-03-06,sh.600208,买入,3.47,22555.0,5.8643,3.47,-0.05187319884726227,-0.08357348703170031,-0.12968299711815567,调仓买入
2020-03-13,sh.600208,卖出,3.18,20670.0,15.709200000000001,,,,,调仓卖出
2020-03-13,sh.600370,买入,3.04,20672.0,5.37472,3.04,0.02960526315789469,-0.013157894736842146,0.19736842105263164,调仓买入
2020-03-27,sz.002060,卖出,3.12,20592.0,15.649919999999998,,,,,调仓卖出
2020-03-27,sh.600208,买入,3.11,20526.0,5.33676,3.11,-0.019292604501607746,-0.02893890675241151,0.016077170418006492,调仓买入
2020-04-03,sh.600777,卖出,1.79,15394.0,12.850940000000001,,,,,调仓卖出
2020-04-03,sz.002305,卖出,2.11,17724.0,14.03924,,,,,调仓卖出
2020-04-03,sh.600871,卖出,2.07,16145.999999999998,13.234459999999999,,,,,调仓卖出
2020-04-03,sh.600370,卖出,3.3,22440.0,17.0544,,,,,调仓卖出
2020-04-03,sh.600208,卖出,3.02,19932.0,15.165320000000001,,,,,调仓卖出
2020-04-03,sh.600322,买入,2.52,18144.0,5.18144,2.52,0.011904761904761862,0.003968253968253954,-0.01984126984126977,调仓买入
2020-04-03,sh.600393,买入,2.59,18130.0,5.1813,2.59,0.011583011583011782,0.10810810810810811,0.1351351351351351,调仓买入
2020-04-03,sz.000517,买入,2.66,18088.0,5.18088,2.66,0.018796992481203034,0.007518796992481258,-0.03759398496240607,调仓买入
2020-04-03,sh.600565,买入,2.78,18070.0,5.1807,2.78,0.017985611510791477,0.010791366906474975,0.017985611510791477,调仓买入
2020-04-03,sh.600881,买入,3.05,18300.0,5.183,3.05,0.022950819672131306,-0.006557377049180357,-0.01967213114754085,调仓买入
2020-04-24,sh.600881,卖出,3.02,18120.0,14.241200000000001,,,,,调仓卖出
2020-04-24,sh.600370,买入,2.91,18915.0,5.18915,2.91,-0.027491408934707917,-0.030927835051546504,-0.010309278350515538,调仓买入
2020-05-15,sh.600393,卖出,3.1,21700.0,16.491999999999997,,,,,调仓卖出
2020-05-15,sh.600370,卖出,3.07,19955.0,15.177050000000001,,,,,调仓卖出
2020-05-15,sh.600881,买入,2.93,20803.0,5.40878,2.93,-0.010238907849829393,-0.05119453924914685,0.0,调仓买入
2020-05-15,sz.002379,买入,2.95,20650.0,5.369000000000001,2.95,-0.006779661016949157,-0.0847457627118644,-0.05084745762711873,调仓买入
2020-05-29,sh.600881,卖出,2.82,20022.0,15.216720000000002,,,,,调仓卖出
2020-05-29,sh.600393,买入,2.79,20088.0,5.22288,2.79,0.03942652329749108,0.07526881720430101,0.017921146953404854,调仓买入
2020-06-05,sh.600393,卖出,3.0,21600.0,16.416,,,,,调仓卖出
2020-06-05,sh.600881,买入,2.92,21608.0,5.61808,2.92,0.0034246575342467,0.0034246575342467,0.15068493150684925,调仓买入
2020-06-12,sh.600881,卖出,2.93,21682.0,16.478320000000004,,,,,调仓卖出
2020-06-12,sh.600393,买入,2.89,21675.0,5.6355,2.89,-0.00692041522491349,-0.02076124567474047,0.2802768166089966,调仓买入
2020-07-03,sh.600322,卖出,2.71,19512.0,14.95112,,,,,调仓卖出
2020-07-03,sz.000517,卖出,2.61,17748.0,14.051480000000002,,,,,调仓卖出
2020-07-03,sh.600565,卖出,2.93,19045.0,14.712950000000001,,,,,调仓卖出
2020-07-03,sz.002379,卖出,2.76,19320.0,14.853200000000001,,,,,调仓卖出
2020-07-03,sh.600393,卖出,3.07,23025.0,17.499000000000002,,,,,调仓卖出
2020-07-03,sh.600370,买入,3.2,19520.0,5.1952,3.2,0.06562500000000004,0.12187499999999996,0.18437499999999996,调仓买入
2020-07-03,sz.000718,买入,3.3,19470.0,5.1947,3.3,0.07575757575757569,0.06666666666666665,0.042424242424242475,调仓买入
2020-07-03,sz.002204,买入,4.42,19448.0,5.19448,4.42,0.09276018099547523,0.08144796380090513,0.04751131221719462,调仓买入
2020-07-03,sh.600811,买入,4.8,19680.0,5.1968,4.8,0.04166666666666674,0.04166666666666674,0.08958333333333357,调仓买入
2020-07-10,sh.600811,卖出,5.0,20500.0,15.58,,,,,调仓卖出
2020-07-10,sz.002266,买入,4.87,20454.0,5.31804,4.87,0.03901437371663241,-0.045174537987679675,0.13757700205338796,调仓买入
2020-07-17,sh.601880,买入,2.04,20604.0,5.35704,2.04,0.019607843137254832,-0.009803921568627416,-0.004901960784313819,调仓买入
2020-07-24,sz.002204,卖出,5.19,22836.0,17.35536,,,,,调仓卖出
2020-07-24,sz.002266,卖出,5.04,21168.0,16.08768,,,,,调仓卖出
2020-07-24,sz.002244,买入,4.67,21949.0,5.706740000000001,4.67,-0.017130620985010725,0.008565310492505418,0.014989293361884481,调仓买入
2020-07-24,sh.600657,买入,4.71,21666.0,5.63316,4.71,-0.006369426751592355,0.019108280254777066,0.027600849256900206,调仓买入
2020-07-31,sh.600657,卖出,4.8,22080.0,16.7808,,,,,调仓卖出
2020-07-31,sz.002204,买入,4.63,22224.0,5.77824,4.63,0.036717062634989084,0.02159827213822907,-0.049676025917926414,调仓买入
2020-08-07,sz.002204,卖出,4.73,22704.000000000004,17.25504,,,,,调仓卖出
2020-08-07,sh.600657,买入,4.71,22608.0,5.87808,4.71,0.01698513800424628,0.031847133757961776,-0.0127388535031846,调仓买入
2020-08-14,sh.600657,卖出,4.86,23328.0,17.72928,,,,,调仓卖出
2020-08-14,sz.002204,买入,4.55,23205.0,6.0333000000000006,4.55,0.015384615384615552,-0.01098901098901095,-0.12747252747252735,调仓买入
2020-08-28,sz.002244,卖出,5.12,24064.0,18.28864,,,,,调仓卖出
2020-08-28,sh.600811,买入,4.85,24250.0,6.305,4.85,-0.012371134020618513,-0.05360824742268033,-0.19793814432989687,调仓买入
2020-09-30,sz.000718,卖出,3.14,18526.0,14.448260000000001,,,,,调仓卖出
2020-09-30,sz.002204,卖出,3.86,19686.0,15.039860000000001,,,,,调仓卖出
2020-09-30,sh.600811,卖出,3.77,18850.0,14.613500000000002,,,,,调仓卖出
2020-09-30,sh.600527,买入,2.83,18961.0,5.18961,2.83,0.021201413427561766,0.07773851590105996,-0.03886925795052998,调仓买入
2020-09-30,sh.601616,买入,3.33,18981.0,5.18981,3.33,0.01501501501501501,0.01501501501501501,-0.03003003003003002,调仓买入
2020-09-30,sh.600163,买入,3.73,19023.0,5.19023,3.73,0.05630026809651478,0.03753351206434319,-0.06702412868632712,调仓买入
2020-10-09,sh.600163,卖出,3.94,20094.0,15.271440000000002,,,,,调仓卖出
2020-10-09,sh.601218,买入,3.92,19992.0,5.19992,3.92,0.007653061224489832,0.04081632653061229,-0.08163265306122447,调仓买入
2020-10-16,sh.601218,卖出,4.08,20808.0,15.81408,,,,,调仓卖出
2020-10-16,sh.600163,买入,3.78,20790.0,5.4054,3.78,-0.023809523809523725,-0.03968253968253965,-0.07407407407407407,调仓买入
2020-11-13,sh.600163,卖出,3.5,19250.0,14.817499999999999,,,,,调仓卖出
2020-11-13,sh.601218,买入,3.46,19376.0,5.19376,3.46,0.011560693641618602,0.028901734104046284,-0.043352601156069315,调仓买入
2020-11-20,sh.601218,卖出,3.56,19936.0,15.16736,,,,,调仓卖出
2020-11-20,sh.600163,买入,3.56,19936.0,5.19936,3.56,0.014044943820224587,0.011235955056179803,0.061797752808988804,调仓买入
2020-11-27,sh.600163,卖出,3.6,20160.0,15.3216,,,,,调仓卖出
2020-11-27,sh.601218,买入,3.5,20300.0,5.2780000000000005,3.5,-0.005714285714285672,-0.008571428571428563,0.15142857142857147,调仓买入
2020-12-31,sh.600370,卖出,3.06,18666.0,14.51966,,,,,调仓卖出
2020-12-31,sh.600527,卖出,2.69,18023.0,14.19173,,,,,调仓卖出
2020-12-31,sh.601218,卖出,3.84,22272.0,16.926720000000003,,,,,调仓卖出
2020-12-31,sh.600795,买入,2.25,19575.0,5.19575,2.25,-0.01777777777777778,-0.03555555555555556,-0.06666666666666665,调仓买入
2020-12-31,sz.000838,买入,2.72,19584.0,5.1958400000000005,2.72,-0.003676470588235392,-0.03676470588235292,-0.0845588235294118,调仓买入
2020-12-31,sh.600008,买入,2.83,19527.0,5.19527,2.83,0.010600706713780772,0.021201413427561766,-0.0035335689045937757,调仓买入
2021-01-22,sh.601616,卖出,2.98,16986.0,13.66286,,,,,调仓卖出
2021-01-22,sh.600397,买入,2.71,17073.0,5.17073,2.71,-0.03321033210332103,-0.1512915129151292,-0.088560885608856,调仓买入
2021-01-29,sh.600008,卖出,2.82,19458.0,14.923580000000001,,,,,调仓卖出
2021-01-29,sh.601616,买入,2.71,19512.0,5.19512,2.71,-0.0036900369003689537,-0.01845018450184499,0.19188191881918826,调仓买入
2021-02-19,sh.601616,卖出,3.03,21816.0,16.58016,,,,,调仓卖出
2021-02-19,sh.600008,买入,2.85,21660.0,5.6316,2.85,0.01403508771929829,0.02807017543859658,0.07017543859649122,调仓买入
2021-04-02,sh.600397,卖出,2.53,15938.999999999998,13.128889999999998,,,,,调仓卖出
2021-04-02,sh.600854,买入,3.43,15778.0,5.15778,3.43,0.011661807580174877,0.002915451895043608,0.023323615160349753,调仓买入
2021-04-16,sh.600854,卖出,3.69,16974.0,13.65674,,,,,调仓卖出
2021-04-16,sh.600982,买入,3.52,17248.0,5.17248,3.52,0.008522727272727293,-0.03977272727272729,-0.005681818181818232,调仓买入
2021-06-11,sh.600982,卖出,3.61,17689.0,14.02139,,,,,调仓卖出
2021-06-11,sh.600166,买入,3.42,17442.0,5.17442,3.42,-0.014619883040935644,-0.020467836257309857,0.023391812865497075,调仓买入
2021-06-18,sh.600166,卖出,3.43,17493.0,13.92143,,,,,调仓卖出
2021-06-18,sh.601218,买入,3.41,17732.0,5.17732,3.41,0.02346041055718473,0.0674486803519061,0.061583577712609916,调仓买入
2021-06-25,sh.601218,卖出,3.64,18928.0,14.65328,,,,,调仓卖出
2021-06-25,sh.600166,买入,3.51,18603.0,5.18603,3.51,0.02279202279202286,-0.04843304843304841,0.08547008547008561,调仓买入
2021-07-02,sh.601880,卖出,1.71,17271.0,13.80821,,,,,调仓卖出
2021-07-02,sh.600795,卖出,2.39,20793.0,15.802679999999999,,,,,调仓卖出
2021-07-02,sz.000838,卖出,2.76,19872.0,15.13472,,,,,调仓卖出
2021-07-02,sh.600008,卖出,2.99,22724.0,17.27024,,,,,调仓卖出
2021-07-02,sh.600166,卖出,3.34,17702.0,14.028020000000001,,,,,调仓卖出
2021-07-02,sh.600022,买入,1.7,19550.0,5.1955,1.7,0.00588235294117645,0.07647058823529429,0.2176470588235293,调仓买入
2021-07-02,sh.600565,买入,2.52,19656.0,5.19656,2.52,0.003968253968253954,0.007936507936507908,-0.04761904761904767,调仓买入
2021-07-02,sh.601005,买入,2.6,19500.0,5.195,2.6,-0.019230769230769384,0.011538461538461497,0.03461538461538449,调仓买入
2021-07-02,sz.000517,买入,2.64,19536.0,5.19536,2.64,-0.007575757575757569,-0.0037878787878788955,-0.09848484848484862,调仓买入
2021-07-02,sz.000816,买入,2.75,19525.0,5.19525,2.75,0.018181818181818077,0.010909090909090757,-0.029090909090909167,调仓买入
2021-08-06,sz.000816,卖出,2.96,21016.0,15.972160000000002,,,,,调仓卖出
2021-08-06,sz.000420,买入,2.9,21750.0,5.655,2.9,0.10000000000000009,0.3931034482758622,0.5827586206896551,调仓买入
2021-08-13,sz.000420,卖出,4.04,30300.0,23.028,,,,,调仓卖出
2021-08-13,sz.002377,买入,2.97,29997.000000000004,7.799220000000001,2.97,-0.010101010101010166,0.0,0.13131313131313127,调仓买入
2021-08-20,sz.002377,卖出,2.97,29997.000000000004,22.79772,,,,,调仓卖出
2021-08-20,sz.000816,买入,2.86,30030.0,7.8078,2.86,0.020979020979021046,0.06643356643356646,0.34615384615384626,调仓买入
2021-08-27,sz.000816,卖出,3.05,32024.999999999996,24.339,,,,,调仓卖出
2021-08-27,sz.002377,买入,2.91,32010.0,8.3226,2.91,-0.013745704467354014,0.027491408934708028,0.20274914089347074,调仓买入
2021-09-10,sz.002377,卖出,3.36,36960.0,28.0896,,,,,调仓卖出
2021-09-10,sh.600533,买入,3.2,36800.0,9.568000000000001,3.2,0.043749999999999956,-0.012499999999999956,-0.05937500000000007,调仓买入
2021-09-24,sh.600533,卖出,3.22,37030.0,28.1428,,,,,调仓卖出
2021-09-24,sz.000677,买入,3.18,37206.0,9.67356,3.18,-0.05974842767295596,-0.05974842767295596,-0.018867924528301883,调仓买入
2021-09-30,sh.601005,卖出,2.53,18975.0,14.67725,,,,,调仓卖出
2021-09-30,sz.000517,卖出,2.47,18278.0,14.32178,,,,,调仓卖出
2021-09-30,sz.000677,卖出,2.88,33696.0,25.608959999999996,,,,,调仓卖出
2021-09-30,sz.002505,买入,2.47,23465.000000000004,6.100900000000001,2.47,0.10121457489878538,0.26315789473684204,0.36032388663967585,调仓买入
2021-09-30,sh.600159,买入,2.5,23500.0,6.11,2.5,0.03200000000000003,0.028000000000000025,-0.09999999999999998,调仓买入
2021-09-30,sz.002131,买入,2.51,23593.999999999996,6.13444,2.51,0.07171314741035872,0.007968127490039834,-0.09960159362549803,调仓买入
2021-10-08,sz.002505,卖出,2.72,25840.000000000004,19.638400000000004,,,,,调仓卖出
2021-10-08,sh.601005,买入,2.51,26103.999999999996,6.787039999999999,2.51,-0.019920318725099584,-0.03984063745019906,-0.20318725099601587,调仓买入
2021-11-19,sz.002131,卖出,2.95,27730.0,21.0748,,,,,调仓卖出
2021-11-19,sh.600010,买入,2.52,27720.0,7.207199999999999,2.52,0.031746031746031855,0.20634920634920628,0.22222222222222232,调仓买入
2021-11-26,sh.600010,卖出,3.04,33440.0,25.4144,,,,,调仓卖出
2021-11-26,sz.002131,买入,2.45,33320.0,8.6632,2.45,-0.020408163265306256,-0.01632653061224487,-0.008163265306122436,调仓买入
2021-12-17,sh.600159,卖出,3.19,29986.0,22.789360000000002,,,,,调仓卖出
2021-12-17,sh.600082,买入,3.03,29996.999999999996,7.799219999999999,3.03,0.02310231023102327,-0.01650165016501648,0.05280528052805278,调仓买入
2021-12-24,sh.600082,卖出,2.98,29502.0,22.42152,,,,,调仓卖出
2021-12-24,sh.600010,买入,2.88,29376.0,7.63776,2.88,-0.03472222222222221,-0.03125,-0.1284722222222222,调仓买入
2021-12-31,sh.600565,卖出,2.44,19032.0,14.70632,,,,,调仓卖出
2021-12-31,sz.002131,卖出,2.46,33456.0,25.426560000000002,,,,,调仓卖出
2021-12-31,sh.600010,卖出,2.79,28458.0,21.62808,,,,,调仓卖出
2021-12-31,sh.600307,买入,2.2,26840.000000000004,6.978400000000001,2.2,0.022727272727272707,0.06363636363636349,0.009090909090909038,调仓买入
2021-12-31,sz.000897,买入,2.72,26928.000000000004,7.001280000000001,2.72,0.02941176470588225,0.07720588235294112,-0.03308823529411775,调仓买入
2021-12-31,sh.600159,买入,3.07,26709.0,6.94434,3.07,0.026058631921824116,0.10097719869706845,0.0032573289902280145,调仓买入
2022-01-07,sh.600159,卖出,3.38,29406.0,22.348560000000003,,,,,调仓卖出
2022-01-07,sz.000677,买入,3.34,29726.0,7.728759999999999,3.34,0.0,-0.008982035928143617,0.18862275449101817,调仓买入
2022-01-14,sz.000677,卖出,3.31,29459.0,22.388840000000002,,,,,调仓卖出
2022-01-14,sh.601866,买入,3.19,29667.0,7.71342,3.19,-0.018808777429467072,-0.018808777429467072,0.028213166144200663,调仓买入
2022-01-21,sh.601866,卖出,3.13,29109.0,22.12284,,,,,调仓卖出
2022-01-21,sh.600159,买入,3.08,28952.0,7.527520000000001,3.08,0.01948051948051943,-0.016233766233766267,-0.025974025974025983,调仓买入
2022-01-28,sh.600159,卖出,3.03,28481.999999999996,21.646319999999996,,,,,调仓卖出
2022-01-28,sh.601866,买入,2.95,28615.0,7.439900000000001,2.95,0.08135593220338966,0.12881355932203387,0.1457627118644067,调仓买入
2022-02-11,sh.601866,卖出,3.33,32301.0,24.54876,,,,,调仓卖出
2022-02-11,sh.600159,买入,3.29,32242.0,8.382919999999999,3.29,-0.03951367781155013,-0.00911854103343468,-0.10942249240121582,调仓买入
2022-03-18,sh.600159,卖出,3.22,31556.000000000004,23.982560000000003,,,,,调仓卖出
2022-03-18,sh.601866,买入,2.96,31376.0,8.15776,2.96,0.0,-0.013513513513513487,0.08108108108108114,调仓买入
2022-03-25,sz.000897,卖出,3.27,32373.0,24.603479999999998,,,,,调仓卖出
2022-03-25,sh.600008,买入,3.07,32235.0,8.3811,3.07,0.013029315960912058,0.04234527687296419,-0.08794788273615639,调仓买入
2022-04-01,sh.600022,卖出,1.69,19435.0,14.91185,,,,,调仓卖出
2022-04-01,sh.601005,卖出,1.91,19864.0,15.13064,,,,,调仓卖出
2022-04-01,sh.601866,卖出,3.44,36464.0,27.71264,,,,,调仓卖出
2022-04-01,sh.600008,卖出,3.2,33600.0,25.536,,,,,调仓卖出
2022-04-01,sz.002445,买入,2.49,27141.000000000004,7.056660000000002,2.49,0.02409638554216853,0.008032128514056103,-0.19277108433734957,调仓买入
2022-04-01,sz.000620,买入,3.19,27115.0,7.049900000000001,3.19,0.10031347962382431,0.17868338557993724,-0.14420062695924762,调仓买入
2022-04-01,sz.000897,买入,3.31,27142.0,7.05692,3.31,0.0453172205438066,0.02114803625377637,-0.22658610271903323,调仓买入
2022-04-01,sh.600035,买入,3.39,27120.0,7.051200000000001,3.39,0.020648967551622377,0.029498525073746285,-0.07374631268436582,调仓买入
2022-04-08,sz.000620,卖出,4.25,36125.0,27.455,,,,,调仓卖出
2022-04-08,sh.601866,买入,3.29,36848.0,9.58048,3.29,-0.024316109422492405,-0.015197568389057725,-0.10030395136778114,调仓买入
2022-04-15,sh.600035,卖出,3.35,26800.0,20.368000000000002,,,,,调仓卖出
2022-04-15,sz.000677,买入,3.11,26746.0,6.95396,3.11,0.012861736334405238,0.08681672025723475,-0.041800643086816636,调仓买入
2022-04-22,sz.000677,卖出,3.38,29068.0,22.09168,,,,,调仓卖出
2022-04-22,sz.000620,买入,3.0,29100.0,7.566000000000001,3.0,-0.09999999999999998,-0.040000000000000036,-0.08000000000000007,调仓买入
2022-04-29,sh.601866,卖出,3.09,34608.0,26.302080000000004,,,,,调仓卖出
2022-04-29,sz.000677,买入,2.9,34800.0,9.048000000000002,2.9,0.024137931034482918,-0.010344827586206806,0.05517241379310356,调仓买入
2022-05-06,sz.000677,卖出,2.89,34680.0,26.3568,,,,,调仓卖出
2022-05-06,sh.600159,买入,2.82,34404.0,8.94504,2.82,0.06737588652482263,0.07446808510638303,0.06382978723404253,调仓买入
2022-05-13,sh.600159,卖出,3.03,36966.0,28.094160000000002,,,,,调仓卖出
2022-05-13,sz.000677,买入,2.94,37044.0,9.631440000000001,2.94,0.010204081632653184,0.054421768707483054,0.010204081632653184,调仓买入
2022-05-20,sz.000677,卖出,3.1,39060.0,29.6856,,,,,调仓卖出
2022-05-20,sh.601866,买入,3.02,38958.0,10.12908,3.02,0.01655629139072845,0.043046357615893927,0.0066225165562914245,调仓买入
2022-05-27,sh.601866,卖出,3.15,40635.0,30.882599999999996,,,,,调仓卖出
2022-05-27,sz.000677,买入,2.97,40689.0,10.57914,2.97,0.030303030303030276,0.030303030303030276,0.023569023569023573,调仓买入
2022-06-02,sz.000677,卖出,3.05,41785.0,31.756600000000002,,,,,调仓卖出
2022-06-02,sh.600159,买入,2.96,41736.0,10.851360000000001,2.96,0.013513513513513598,-0.0033783783783782884,0.023648648648648685,调仓买入
2022-06-17,sh.600159,卖出,2.96,41736.0,31.71936,,,,,调仓卖出
2022-06-17,sz.000677,买入,2.95,41595.0,10.8147,2.95,0.013559322033898313,-0.003389830508474634,-0.003389830508474634,调仓买入
2022-07-01,sh.600307,卖出,1.94,23668.0,17.987679999999997,,,,,调仓卖出
2022-07-01,sz.002445,卖出,2.29,24961.0,18.97036,,,,,调仓卖出
2022-07-01,sz.000897,卖出,2.52,20664.0,15.704640000000001,,,,,调仓卖出
2022-07-01,sz.000620,卖出,2.78,26965.999999999996,20.494159999999997,,,,,调仓卖出
2022-07-01,sz.000677,卖出,3.07,43287.0,32.89812,,,,,调仓卖出
2022-07-01,sh.600157,买入,1.6,27840.0,7.2384,1.6,0.018749999999999822,0.08124999999999982,0.09375,调仓买入
2022-07-01,sz.000861,买入,2.73,27846.0,7.23996,2.73,-0.0073260073260073,-0.01098901098901095,-0.01098901098901095,调仓买入
2022-07-01,sh.601718,买入,3.07,27630.0,7.1838,3.07,0.03583061889250816,0.0684039087947883,0.12377850162866455,调仓买入
2022-07-01,sh.600575,买入,3.15,27720.0,7.207199999999999,3.15,0.0031746031746031633,0.0,0.01587301587301604,调仓买入
2022-07-01,sh.600853,买入,3.37,27634.0,7.18484,3.37,-0.008902077151335397,-0.017804154302670683,-0.05637982195845692,调仓买入
2022-07-15,sh.600853,卖出,3.24,26568.0,20.19168,,,,,调仓卖出
2022-07-15,sh.600370,买入,3.08,27412.0,7.12712,3.08,0.045454545454545414,0.01948051948051943,0.0714285714285714,调仓买入
2022-07-22,sh.601718,卖出,3.38,30420.0,23.1192,,,,,调仓卖出
2022-07-22,sh.600853,买入,3.26,30317.999999999996,7.88268,3.26,-0.018404907975460016,-0.024539877300613355,-0.04601226993865026,调仓买入
2022-09-02,sh.600853,卖出,3.31,30783.0,23.39508,,,,,调仓卖出
2022-09-02,sh.601718,买入,3.13,30674.0,7.975239999999999,3.13,0.009584664536741228,0.025559105431310014,-0.054313099041533475,调仓买入
2022-09-30,sz.000861,卖出,2.2,22440.0,17.0544,,,,,调仓卖出
2022-09-30,sh.600575,卖出,2.48,21824.0,16.58624,,,,,调仓卖出
2022-09-30,sh.600370,卖出,2.81,25009.0,19.00684,,,,,调仓卖出
2022-09-30,sh.601718,卖出,2.91,28518.0,21.67368,,,,,调仓卖出
2022-09-30,sz.002501,买入,1.9,24320.0,6.3232,1.9,-0.03684210526315779,0.026315789473684292,0.15263157894736845,调仓买入
2022-09-30,sh.600565,买入,2.24,24416.000000000004,6.348160000000001,2.24,-0.017857142857142905,-0.0044642857142858094,-0.07142857142857151,调仓买入
2022-09-30,sh.600777,买入,2.5,24250.0,6.305,2.5,0.06000000000000005,0.08000000000000007,0.01200000000000001,调仓买入
2022-09-30,sh.603077,买入,3.22,24150.0,6.279000000000001,3.22,-0.009316770186335477,0.03416149068322971,-0.015527950310559091,调仓买入
2022-12-30,sh.603077,卖出,3.04,22800.0,17.328,,,,,调仓卖出
2022-12-30,sh.600575,买入,2.41,23377.0,6.0780199999999995,2.41,0.008298755186721962,-0.004149377593361092,0.012448132780082943,调仓买入
2023-03-31,sz.002501,卖出,1.77,22656.0,17.21856,,,,,调仓卖出
2023-03-31,sh.600565,卖出,1.92,20928.0,15.905280000000001,,,,,调仓卖出
2023-03-31,sh.600575,卖出,2.45,23765.0,18.0614,,,,,调仓卖出
2023-03-31,sh.600968,买入,3.3,22440.0,5.8344000000000005,3.3,0.045454545454545636,0.036363636363636376,0.08787878787878789,调仓买入
2023-03-31,sz.000552,买入,3.36,22176.0,5.76576,3.36,0.0029761904761904656,-0.029761904761904767,0.026785714285714413,调仓买入
2023-03-31,sh.601975,买入,3.72,22320.0,5.8032,3.72,-0.037634408602150615,-0.043010752688172116,-0.07795698924731187,调仓买入
2023-06-30,sh.600157,卖出,1.42,24708.0,18.778080000000003,,,,,调仓卖出
2023-06-30,sh.600777,卖出,2.53,24540.999999999996,18.651159999999997,,,,,调仓卖出
2023-06-30,sh.600968,卖出,3.07,20876.0,15.865760000000002,,,,,调仓卖出
2023-06-30,sz.000552,卖出,3.33,21978.0,16.70328,,,,,调仓卖出
2023-06-30,sh.601975,卖出,2.86,17160.0,13.7516,,,,,调仓卖出
2023-06-30,sh.601518,买入,2.38,21658.0,5.631080000000001,2.38,0.025210084033613578,0.0126050420168069,0.07983193277310918,调仓买入
2023-06-30,sz.002610,买入,2.56,21760.0,5.6576,2.56,0.00390625,-0.03125,-0.03125,调仓买入
2023-06-30,sh.600170,买入,2.69,21789.0,5.66514,2.69,0.0074349442379182396,0.003717472118959231,0.08550185873605942,调仓买入
2023-06-30,sh.600868,买入,2.76,21804.0,5.669040000000001,2.76,0.0036231884057971175,0.007246376811594235,0.025362318840579823,调仓买入
2023-06-30,sh.600166,买入,3.4,21760.0,5.6576,3.4,0.044117647058823595,0.044117647058823595,0.08529411764705874,调仓买入
2023-10-13,sh.601518,卖出,2.56,23296.0,17.70496,,,,,调仓卖出
2023-10-13,sz.002610,卖出,2.33,19805.0,15.10055,,,,,调仓卖出
2023-10-13,sh.600170,卖出,2.71,21951.0,16.682760000000002,,,,,调仓卖出
2023-10-13,sh.600868,卖出,2.64,20856.0,15.850560000000002,,,,,调仓卖出
2023-10-13,sz.000897,买入,2.34,21528.0,5.59728,2.34,-0.017094017094017144,-0.008547008547008517,-0.029914529914529808,调仓买入
2023-10-13,sz.000820,买入,3.54,21594.0,5.61444,3.54,0.008474576271186418,-0.02824858757062154,0.062146892655367214,调仓买入
2023-10-13,sh.600824,买入,3.55,21300.0,5.538,3.55,0.0028169014084507005,-0.030985915492957705,0.04788732394366213,调仓买入
2023-10-13,sh.601619,买入,3.8,21280.0,5.5328,3.8,-0.013157894736842035,-0.03684210526315779,-0.047368421052631504,调仓买入
2024-01-05,sh.600824,卖出,3.94,23640.0,17.9664,,,,,调仓卖出
2024-01-05,sz.002445,买入,2.27,24516.0,6.374160000000001,2.27,-0.008810572687224627,-0.00440528634361248,-0.14537444933920707,调仓买入
2024-01-12,sz.000820,卖出,4.39,26778.999999999996,20.352039999999995,,,,,调仓卖出
2024-01-12,sh.600094,买入,2.95,26845.0,6.979699999999999,2.95,0.006779661016949268,-0.016949152542372947,-0.07457627118644072,调仓买入
2024-02-02,sh.601619,卖出,3.04,17024.0,13.68224,,,,,调仓卖出
2024-02-02,sz.002133,买入,2.89,17051.0,5.17051,2.89,-0.10034602076124566,-0.1418685121107267,-0.0761245674740485,调仓买入
2024-04-03,sz.002445,卖出,2.17,23436.0,17.81136,,,,,调仓卖出
2024-04-03,sh.600094,卖出,3.39,30849.0,23.44524,,,,,调仓卖出
2024-04-03,sz.002133,卖出,2.86,16874.0,13.605739999999999,,,,,调仓卖出
2024-04-03,sz.000981,买入,1.55,23560.0,6.1255999999999995,1.55,-0.006451612903225823,-0.04516129032258065,-0.012903225806451646,调仓买入
2024-04-03,sh.601619,买入,3.43,23324.0,6.064240000000001,3.43,0.017492711370262315,0.020408163265306145,0.017492711370262315,调仓买入
2024-04-03,sz.000530,买入,4.44,23532.000000000004,6.118320000000001,4.44,-0.031531531531531654,-0.031531531531531654,-0.056306306306306286,调仓买入
2024-04-30,sz.000530,卖出,4.14,21942.0,16.67592,,,,,调仓卖出
2024-04-30,sz.002535,买入,3.89,22562.0,5.8661200000000004,3.89,0.0,-0.04113110539845766,-0.15681233933161964,调仓买入
2024-07-05,sh.600166,卖出,2.28,14591.999999999998,12.44192,,,,,调仓卖出
2024-07-05,sz.000897,卖出,2.09,19228.0,14.806280000000001,,,,,调仓卖出
2024-07-05,sz.000981,卖出,1.34,20368.0,15.479680000000002,,,,,调仓卖出
2024-07-05,sh.601619,卖出,3.04,20672.0,15.71072,,,,,调仓卖出
2024-07-05,sz.002535,卖出,3.38,19604.0,14.99804,,,,,调仓卖出
2024-07-05,sh.600800,买入,2.02,18786.0,5.18786,2.02,-0.024752475247524774,-0.00990099009900991,0.014851485148514865,调仓买入
2024-07-05,sz.002565,买入,2.42,18634.0,5.18634,2.42,-0.04132231404958686,0.004132231404958775,0.08677685950413228,调仓买入
2024-07-05,sz.000632,买入,2.75,18700.0,5.187,2.75,-0.043636363636363695,0.0036363636363636598,0.0072727272727273196,调仓买入
2024-07-05,sz.002109,买入,3.26,18582.0,5.18582,3.26,-0.021472392638036797,-0.021472392638036797,-0.16564417177914104,调仓买入
2024-07-05,sz.002692,买入,3.31,18536.0,5.18536,3.31,-0.01812688821752273,0.0,0.0332326283987916,调仓买入
2024-07-26,sz.002692,卖出,3.38,18928.0,14.65328,,,,,调仓卖出
2024-07-26,sh.600186,买入,3.2,19840.0,5.1984,3.2,-0.006249999999999978,0.043749999999999956,-0.04375000000000007,调仓买入
2024-09-30,sh.600800,卖出,2.52,23436.0,17.81136,,,,,调仓卖出
2024-09-30,sz.000632,卖出,3.35,22780.0,17.312800000000003,,,,,调仓卖出
2024-09-30,sz.002109,卖出,3.11,17727.0,14.04077,,,,,调仓卖出
2024-09-30,sz.002321,买入,2.0,21200.0,5.512,2.0,0.030000000000000027,-0.07499999999999996,0.11499999999999999,调仓买入
2024-09-30,sz.000573,买入,2.8,21280.0,5.5328,2.8,0.028571428571428692,-0.08571428571428563,0.0071428571428571175,调仓买入
2024-09-30,sz.002692,买入,4.04,21008.0,5.462079999999999,4.04,0.034653465346534684,0.0024752475247524774,0.14356435643564347,调仓买入
2024-10-18,sh.600186,卖出,4.33,26846.0,20.40296,,,,,调仓卖出
2024-10-18,sh.601700,买入,4.23,27072.000000000004,7.0387200000000005,4.23,0.0,0.14893617021276584,0.1300236406619384,调仓买入
2024-10-25,sh.601700,卖出,4.86,31104.000000000004,23.63904,,,,,调仓卖出
2024-10-25,sh.600186,买入,4.6,31279.999999999996,8.1328,4.6,0.010869565217391353,-0.008695652173913104,0.0826086956521741,调仓买入
2024-11-01,sz.002692,卖出,4.78,24856.0,18.89056,,,,,调仓卖出
2024-11-01,sz.002072,买入,4.66,24698.0,6.42148,4.66,0.0193133047210301,0.051502145922746934,0.10729613733905574,调仓买入
2024-11-08,sz.002072,卖出,4.9,25970.000000000004,19.7372,,,,,调仓卖出
2024-11-08,sz.002692,买入,4.66,26096.0,6.78496,4.66,0.006437768240343367,-0.09442060085836923,-0.015021459227467893,调仓买入
2024-11-15,sh.600186,卖出,5.2,35360.0,26.8736,,,,,调仓卖出
2024-11-15,sh.601700,买入,4.78,35372.0,9.19672,4.78,-0.006276150627615107,0.012552301255229992,0.03556485355648542,调仓买入
2024-11-22,sh.601700,卖出,4.84,35816.0,27.22016,,,,,调仓卖出
2024-11-22,sz.002480,买入,4.56,35568.0,9.247679999999999,4.56,0.03508771929824572,0.1557017543859649,0.23245614035087736,调仓买入
2024-11-29,sz.002480,卖出,5.27,41106.0,31.240560000000002,,,,,调仓卖出
2024-11-29,sh.601989,买入,4.8,41280.0,10.732800000000001,4.8,0.018750000000000044,0.014583333333333393,0.014583333333333393,调仓买入
2024-12-20,sh.601989,卖出,4.83,41538.0,31.568880000000004,,,,,调仓卖出
2024-12-20,sh.601700,买入,4.81,41366.0,10.75516,4.81,-0.043659043659043606,-0.02079002079002068,-0.09563409563409564,调仓买入
2024-12-27,sh.601700,卖出,4.71,40506.0,30.78456,,,,,调仓卖出
2024-12-27,sz.002072,买入,4.48,40320.00000000001,10.483200000000002,4.48,-0.04241071428571441,-0.1250000000000001,-0.008928571428571397,调仓买入
2025-01-03,sz.002565,卖出,2.87,22099.0,16.79524,,,,,调仓卖出
2025-01-03,sz.002321,卖出,2.23,23638.0,17.96488,,,,,调仓卖出
2025-01-03,sz.000573,卖出,3.43,26068.0,19.811680000000003,,,,,调仓卖出
2025-01-03,sh.600208,买入,2.81,23885.0,6.210100000000001,2.81,0.014234875444839812,0.0,0.0996441281138789,调仓买入
2025-01-03,sz.002356,买入,3.22,23828.0,6.1952799999999995,3.22,-0.03105590062111807,0.01552795031055898,0.024844720496894235,调仓买入
2025-01-03,sz.002562,买入,4.0,23600.0,6.136,4.0,0.004999999999999893,0.014999999999999902,0.11250000000000004,调仓买入
2025-02-28,sz.002692,卖出,5.54,31024.0,23.57824,,,,,调仓卖出
2025-02-28,sz.002480,买入,5.17,31537.0,8.19962,5.17,-0.021276595744680882,-0.013539651837524258,0.04061895551257244,调仓买入
2025-03-14,sz.002480,卖出,5.47,33367.0,25.358919999999998,,,,,调仓卖出
2025-03-14,sh.601500,买入,5.39,33418.0,8.68868,5.39,0.016697588126159735,0.011131725417439897,-0.12430426716140996,调仓买入
2025-03-21,sh.601500,卖出,5.45,33790.0,25.6804,,,,,调仓卖出
2025-03-21,sz.002692,买入,5.39,33418.0,8.68868,5.39,-0.01298701298701288,0.07977736549165138,-0.13172541743970312,调仓买入
2025-03-28,sz.002692,卖出,5.82,36084.0,27.423840000000002,,,,,调仓卖出
2025-03-28,sz.002480,买入,5.38,36046.0,9.37196,5.38,-0.011152416356877248,-0.0799256505576208,-0.0427509293680296,调仓买入
2025-04-03,sz.002072,卖出,4.23,38070.00000000001,28.933200000000006,,,,,调仓卖出
2025-04-03,sh.600208,卖出,2.9,24650.0,18.734,,,,,调仓卖出
2025-04-03,sz.002356,卖出,2.91,21534.0,16.36584,,,,,调仓卖出
2025-04-03,sz.002562,卖出,4.1,24189.999999999996,18.3844,,,,,调仓卖出
2025-04-03,sz.002480,卖出,5.5,36850.0,28.006,,,,,调仓卖出
2025-04-03,sz.002321,买入,2.4,29040.0,7.5504,2.4,0.050000000000000044,0.07500000000000018,-0.004166666666666541,调仓买入
2025-04-03,sz.002476,买入,4.51,28864.0,7.50464,4.51,-0.0997782705099779,-0.09312638580931265,-0.011086474501108556,调仓买入
2025-04-03,sz.000966,买入,4.85,28614.999999999996,7.4399,4.85,-0.06597938144329885,-0.05154639175257736,0.04742268041237119,调仓买入
2025-04-03,sh.601500,买入,5.27,28984.999999999996,7.536099999999999,5.27,-0.10056925996204924,-0.12523719165085379,-0.10626185958254264,调仓买入
2025-04-03,sz.000600,买入,6.07,28529.0,7.41754,6.07,-0.054365733113673764,-0.06589785831960471,0.0807248764415156,调仓买入
2025-04-18,sz.000600,卖出,6.31,29656.999999999996,22.539319999999996,,,,,调仓卖出
2025-04-18,sh.600428,买入,5.84,30952.0,8.04752,5.84,0.005136986301369939,0.022260273972602773,0.08390410958904115,调仓买入
2025-05-16,sh.600428,卖出,6.4,33920.0,25.779200000000003,,,,,调仓卖出
2025-05-16,sh.600186,买入,6.36,33708.0,8.76408,6.36,0.0031446540880502027,-0.04088050314465419,-0.05188679245283023,调仓买入
2025-06-06,sh.600186,卖出,6.34,33602.0,25.53752,,,,,调仓卖出
2025-06-06,sh.600428,买入,6.17,33935.0,8.8231,6.17,0.0032414910858995505,0.03241491085899506,0.04051863857374394,调仓买入
2025-06-13,sh.600428,卖出,6.37,35035.0,26.626600000000003,,,,,调仓卖出
2025-06-13,sh.600186,买入,6.03,34974.0,9.093240000000002,6.03,0.0,-0.046434494195688236,0.03316749585406309,调仓买入
2025-07-04,sz.002321,卖出,2.39,28919.0,21.97844,,,,,调仓卖出
2025-07-04,sz.002476,卖出,4.75,30400.0,23.104000000000003,,,,,调仓卖出
2025-07-04,sz.000966,卖出,4.69,27671.000000000004,21.029960000000003,,,,,调仓卖出
2025-07-04,sh.601500,卖出,4.61,25355.0,19.2698,,,,,调仓卖出
2025-07-04,sh.600186,卖出,5.89,34162.0,25.96312,,,,,调仓卖出
2025-07-04,sz.000751,买入,3.17,29164.0,7.5826400000000005,3.17,0.0,0.05362776025236582,0.04731861198738163,调仓买入
2025-07-04,sz.002523,买入,3.63,29040.0,7.5504,3.63,0.01377410468319562,0.024793388429752206,0.07438016528925617,调仓买入
2025-07-04,sh.600219,买入,3.92,29008.0,7.5420799999999995,3.92,-0.012755102040816313,0.005102040816326481,0.0025510204081633514,调仓买入
2025-07-04,sz.002259,买入,4.09,29039.0,7.550140000000001,4.09,0.009779951100244544,0.017114914425427896,-0.024449877750611138,调仓买入
2025-07-04,sz.002671,买入,4.57,28791.0,7.48566,4.57,0.015317286652078543,0.026258205689277947,0.06564551422319465,调仓买入
2025-07-11,sz.002671,卖出,4.69,29547.000000000004,22.455720000000003,,,,,调仓卖出
2025-07-11,sh.601218,买入,4.26,30672.0,7.9747200000000005,4.26,0.007042253521126751,-0.00704225352112664,0.011737089201877993,调仓买入
2025-08-22,sz.002259,卖出,4.94,35074.0,26.656239999999997,,,,,调仓卖出
2025-08-22,sz.002251,买入,4.8,35040.0,9.1104,4.8,0.039583333333333526,0.2354166666666666,0.20416666666666683,调仓买入
2025-08-29,sz.002251,卖出,5.93,43289.0,32.899640000000005,,,,,调仓卖出
2025-08-29,sz.002259,买入,4.47,43359.0,11.273340000000001,4.47,0.0,-0.04921700223713643,-0.11409395973154357,调仓买入
2025-09-26,sh.601218,卖出,5.67,40824.0,31.026239999999998,,,,,调仓卖出
2025-09-26,sz.000802,买入,4.54,40860.0,10.6236,4.54,0.0,-0.00440528634361248,0.017621145374449254,调仓买入
2025-09-30,sz.002523,卖出,3.88,31040.0,23.5904,,,,,调仓卖出
2025-09-30,sh.600219,卖出,3.96,29304.0,22.271040000000003,,,,,调仓卖出
2025-09-30,sz.002259,卖出,4.08,39576.0,30.077759999999998,,,,,调仓卖出
2025-09-30,sh.600166,买入,2.74,33154.0,8.620040000000001,2.74,0.010948905109488871,0.021897810218977964,0.058394160583941535,调仓买入
2025-09-30,sz.002671,买入,4.87,33116.0,8.61016,4.87,0.006160164271047375,0.045174537987679564,0.11293634496919913,调仓买入
2025-09-30,sz.002701,买入,5.41,33001.0,8.580259999999999,5.41,0.003696857670979492,0.20147874306839175,0.09426987060998138,调仓买入
2025-10-17,sz.002701,卖出,6.31,38491.0,29.25316,,,,,调仓卖出
2025-10-17,sh.600186,买入,5.65,38985.0,10.136099999999999,5.65,0.003539823008849474,0.010619469026548645,0.031858407079645934,调仓买入
2025-12-31,sz.000751,卖出,4.09,37628.0,28.597279999999998,,,,,调仓卖出
2025-12-31,sz.002701,买入,5.95,37485.0,9.7461,5.95,-0.003361344537815225,0.015126050420168013,-0.015126050420168013,调仓买入
2026-03-20,sh.600186,卖出,6.55,45195.0,34.3482,,,,,调仓卖出
2026-03-20,sh.600576,买入,6.22,44784.0,11.643839999999999,6.22,,,,调仓买入
