报告日,营业总收入,营业收入,利息收入,已赚保费,手续费及佣金收入,房地产销售收入,其他业务收入,营业总成本,营业成本,手续费及佣金支出,房地产销售成本,退保金,赔付支出净额,提取保险合同准备金净额,保单红利支出,分保费用,其他业务成本,营业税金及附加,研发费用,销售费用,管理费用,财务费用,利息费用,利息支出,投资收益,对联营企业和合营企业的投资收益,以摊余成本计量的金融资产终止确认产生的收益,汇兑收益,净敞口套期收益,公允价值变动收益,期货损益,托管收益,补贴收入,其他收益,资产减值损失,信用减值损失,其他业务利润,资产处置收益,营业利润,营业外收入,非流动资产处置利得,营业外支出,非流动资产处置损失,利润总额,所得税费用,未确认投资损失,净利润,持续经营净利润,终止经营净利润,归属于母公司所有者的净利润,被合并方在合并前实现净利润,少数股东损益,其他综合收益,归属于母公司所有者的其他综合收益,（一）以后不能重分类进损益的其他综合收益,重新计量设定受益计划变动额,权益法下不能转损益的其他综合收益,其他权益工具投资公允价值变动,企业自身信用风险公允价值变动,（二）以后将重分类进损益的其他综合收益,权益法下可转损益的其他综合收益,可供出售金融资产公允价值变动损益,其他债权投资公允价值变动,金融资产重分类计入其他综合收益的金额,其他债权投资信用减值准备,持有至到期投资重分类为可供出售金融资产损益,现金流量套期储备,现金流量套期损益的有效部分,外币财务报表折算差额,其他,归属于少数股东的其他综合收益,综合收益总额,归属于母公司所有者的综合收益总额,归属于少数股东的综合收益总额,基本每股收益,稀释每股收益,数据源,是否审计,公告日期,币种,类型,更新日期
20150930,9259743551.65,9259743551.65,,,,,,8258448712.82,7003651453.9,,,,,,,,,578729939.45,,285916016.29,334487302.03,5507665.51,,,132839774.32,75561867.09,,,,,,,,,,,,,1134134613.15,82802971.0,1876.76,3448375.77,158079.19,1213489208.38,260842741.5,,952646466.88,,,883136065.32,,69510401.56,-8171528.78,-7898344.99,,,,,,-7898344.99,,10067400.0,,,,,,,,-17965744.99,-273183.79,944474938.1,875237720.33,69237217.77,0.55,0.55,定期报告,未审计,20151027,CNY,合并期末,2020-03-13T16:00:40
20150630,7205130512.25,7205130512.25,,,,,,6314417305.24,5412501766.04,,,,,,,,,439861983.78,,173098944.25,230514404.12,8283871.41,,,115592053.45,58569669.85,,,,,,,,,,,,,1006305260.46,8933733.35,117.56,2815081.43,59108.29,1012423912.38,227449727.46,,784974184.92,,,730463815.36,,54510369.56,10500000.0,10067400.0,,,,,,10067400.0,,10067400.0,,,,,,,,,432600.0,795474184.92,740531215.36,54942969.56,0.4585,0.4585,定期报告,未审计,20150731,CNY,合并期末,2020-03-13T16:00:40
20150331,1161897839.37,1161897839.37,,,,,,1095062232.62,871780965.54,,,,,,,,,37624078.88,,75894137.03,103528347.76,6234703.41,,,51022383.6,,,,,,,,,,,,,,117857990.35,3850244.49,,1435496.71,31732.88,120272738.13,18429528.55,,101843209.58,,,98154312.86,,3688896.72,,,,,,,,,,,,,,,,,,,,101843209.58,98154312.86,3688896.72,0.0616,0.0616,定期报告,未审计,20150424,CNY,合并期末,2020-03-13T16:00:40
20141231,17100229292.43,17100229292.43,,,,,,15493619175.3,12924503280.77,,,,,,,,,1390789180.66,,435783618.6,437824875.48,-36444555.04,,,-793434.19,-7346156.44,,,,,,,,,,,,,1605816682.94,14900886.19,46630.38,7274527.46,-220993.81,1613443041.67,409941763.75,,1203501277.92,,,1166710016.51,,36791261.41,94548001.01,90905236.57,,,,,,19415700.0,,19415700.0,,,,,,,,,3642764.44,1298049278.93,1257615253.08,40434025.85,0.7323,0.7323,定期报告,是,20150217,CNY,合并期末,2020-03-13T16:00:40
20140930,4424442049.61,4424442049.61,,,,,,4197673041.06,3309533272.48,,,,,,,,,359477963.33,,261316094.69,243587933.25,-25278754.91,,,-3984799.95,-13887653.05,,,,,,,,,,,,,222784208.6,10130097.56,28616.38,5476234.14,605311.31,227438072.02,64515985.7,,162922086.32,,,160021067.65,,2901018.67,,,,,,,,,,,,,,,,,,,,162922086.32,160021067.65,2901018.67,0.1,0.1,定期报告,未审计,20151027,CNY,合并期末,2020-03-13T16:00:40
20140630,3335803933.01,3335803933.01,,,,,,2948438859.88,2299196969.06,,,,,,,,,264855741.47,,167239563.58,178710676.57,-10600623.02,,,2137884.62,-7764968.48,,,,,,,,,,,,,389502957.75,6668092.07,20187.6,4344303.7,576667.91,391826746.12,101926797.19,,289899948.93,,,279743384.48,,10156564.45,,,,,,,,,,,,,,,,,,,,289899948.93,279743384.48,10156564.45,0.1756,0.1756,定期报告,未审计,20150731,CNY,合并期末,2020-03-13T16:00:40
20140331,1342337322.59,1342337322.59,,,,,,1275288391.6,1065417758.67,,,,,,,,,89027310.79,,55254331.24,63183091.26,2405899.64,,,,,,,,,,,,,,,,,67048930.99,4024119.43,,2198047.4,82551.94,68875003.02,17413637.45,,51461365.57,,,54206424.47,,-2745058.9,,,,,,,,,,,,,,,,,,,,51461365.57,54206424.47,-2745058.9,0.034,0.034,定期报告,未审计,20150424,CNY,合并期末,2020-03-13T16:00:40
20131231,16583969378.85,16583969378.85,,,,,,14465350486.64,11914194719.03,,,,,,,,,1702204082.09,,412988266.77,372946409.56,21447922.21,,,-4816588.28,-11422390.14,,,,,,,,,,,,,2113802303.93,100004770.2,111143.95,8949860.94,-491962.25,2204857213.19,567942808.05,,1636914405.14,,,1609470064.8,,27444340.34,,,,,,,,,,,,,,,,,,,,1636914405.14,1609470064.8,27444340.34,1.0102,1.0102,定期报告,是,20150217,CNY,合并期末,2020-03-13T16:00:40
20130930,5875901714.16,5875901714.16,,,,,,5120113387.37,4138733419.96,,,,,,,,,544819156.51,,182220288.73,241129281.11,13211241.06,,,3976643.08,,,,,,,,,,,,,,759764969.87,9253869.2,,5204181.81,386176.54,763814657.26,187014106.76,,576800550.5,,,562633461.01,,14167089.49,,,,,,,,,,,,,,,,,,,,576800550.5,562633461.01,14167089.49,0.3531,0.3531,定期报告,未审计,20141021,CNY,合并期末,2020-03-13T16:00:40
20130630,3503886242.61,3503886242.61,,,,,,2971962103.04,2351696795.2,,,,,,,,,335273186.7,,109665835.85,170745491.19,4580794.1,,,3976643.08,-2390396.72,,,,,,,,,,,,,535900782.65,5640549.22,,4113654.69,237766.34,537427677.18,128880273.9,,408547403.28,,,402454196.3,,6093206.98,,,,,,,,,,,,,,,,,,,,408547403.28,402454196.3,6093206.98,0.2526,0.2526,定期报告,未审计,20140819,CNY,合并期末,2020-03-13T16:00:40
20130331,1102892680.75,1102892680.75,,,,,,1045050117.15,808751730.19,,,,,,,,,115241242.47,,40752234.4,67480981.73,12823928.36,,,,,,,,,,,,,,,,,57842563.6,1818632.92,,1040140.15,820.0,58621056.37,9337802.79,,49283253.58,,,50689193.46,,-1405939.88,,,,,,,,,,,,,,,,,,,,49283253.58,50689193.46,-1405939.88,0.0318,0.0318,定期报告,未审计,20140423,CNY,合并期末,2020-03-13T16:00:40
20121231,14300447268.64,14300447268.64,,,,,,12496938438.04,10448514688.62,,,,,,,,,1310655696.53,,372751377.02,347839375.3,17177300.57,,,-67739.17,-5109553.15,,,,,,,,,,,,,1803441091.43,15115981.89,,6308524.05,68569.49,1812248549.27,465166984.88,,1347081564.39,,,1315768260.43,,31313303.96,,,,,,,,,,,,,,,,,,,,1347081564.39,1315768260.43,31313303.96,0.8259,0.8259,定期报告,是,20140318,CNY,合并期末,2020-03-13T16:00:40
20120930,6147268076.98,6147268076.98,,,,,,5325276445.5,4351474280.12,,,,,,,,,507153161.4,,225699650.09,223771874.11,17177479.78,,,4813395.53,,,,,,,,,,,,,,826805027.01,9084418.02,,4371082.34,24886.04,831518362.69,211327139.29,,620191223.4,,,601529473.67,,18661749.73,,,,,,,,,,,,,,,,,,,,620191223.4,601529473.67,18661749.73,0.3776,0.3776,定期报告,未审计,20131019,CNY,合并期末,2020-03-13T16:00:40
20120630,3619126504.27,3619126504.27,,,,,,3012019760.06,2328897901.37,,,,,,,,,369631299.32,,150628115.14,150653084.6,12209359.63,,,4500000.0,,,,,,,,,,,,,,611606744.21,7299224.23,,2136898.63,18448.36,616769069.81,154750672.82,,462018396.99,,,446232998.88,,15785398.11,,,,,,,,,,,,,,,,,,,,462018396.99,446232998.88,15785398.11,0.2801,0.2801,定期报告,未审计,20130815,CNY,合并期末,2020-03-13T16:00:40
20120331,262059285.06,262059285.06,,,,,,332182610.02,206982229.82,,,,,,,,,19656039.22,,32055125.99,68294270.92,5194944.07,,,,,,,,,,,,,,,,,-70123324.96,5371904.36,,514615.0,1024.8,-65266035.6,-15262356.33,,-50003679.27,,,-49466746.6,,-536932.67,,,,,,,,,,,,,,,,,,,,-50003679.27,-49466746.6,-536932.67,-0.031,-0.031,定期报告,未审计,20130420,CNY,合并期末,2020-03-13T16:00:40
20111231,9222244674.92,9222244674.92,,,,,,7741328052.93,5801514542.97,,,,,,,,,881962272.25,,319211791.48,278782980.66,61130742.57,,,53750001.2,,,,,,,,,,,,,,1534666623.19,51391008.16,,12643677.68,937231.24,1573413953.67,405107601.02,,1168306352.65,,,1125797775.9,,42508576.75,,,,,,,,,,,,,,,,,,,,1168306352.65,1125797775.9,42508576.75,0.7066,0.7066,定期报告,是,20130328,CNY,合并期末,2020-03-13T16:00:40
20110930,3148737685.54,3148737685.54,,,,,,2841772139.39,2084172797.61,,,,,,,,,287236632.17,,201156097.28,197490059.87,61372209.49,,,53750001.2,,,,,,,,,,,,,,360715547.35,14552971.43,,7734854.97,159178.51,367533663.81,98998033.45,,268535630.36,,,257171737.09,,11363893.27,,,,,,,,,,,,,,,,,,,,268535630.36,257171737.09,11363893.27,0.1614,0.1614,定期报告,未审计,20121026,CNY,合并期末,2020-03-13T16:00:40
20110630,2641049845.28,2641049845.28,,,,,,2213789150.14,1650141414.65,,,,,,,,,251561865.71,,111039470.66,142284504.62,48417551.53,,,3750001.2,,,,,,,,,,,,,,431010696.34,13381482.8,,3394857.71,157548.91,440997321.43,112363034.43,,328634287.0,,,314040876.53,,14593410.47,,,,,,,,,,,,,,,,,,,,328634287.0,314040876.53,14593410.47,0.1971,0.1971,定期报告,未审计,20120727,CNY,合并期末,2020-03-13T16:00:40
20110331,365677565.2,365677565.2,,,,,,349938509.22,246760534.89,,,,,,,,,27185271.77,,11419550.87,50780580.86,13792570.83,,,3750001.09,,,,,,,,,,,,,,19489057.07,6650547.7,,1095313.39,,25044291.38,5973884.54,,19070406.84,,,16356376.96,,2714029.88,,,,,,,,,,,,,,,,,,,,19070406.84,16356376.96,2714029.88,0.0103,0.0103,定期报告,未审计,20120419,CNY,合并期末,2020-03-13T16:00:40
20101231,6684250187.7,6684250187.7,,,,,,5813248223.69,4757034889.3,,,,,,,,,578151342.87,,181436793.5,235791308.93,48247258.2,,,25830629.89,,,,,,,,,,,,,,896832593.9,21655678.23,,13371193.65,801600.21,905117078.48,231868354.5,,673248723.98,,,646367824.35,,26880899.63,,,,,,,,,,,,,,,,,,,,673248723.98,646367824.35,26880899.63,0.4057,0.4057,定期报告,是,20120324,CNY,合并期末,2020-03-13T16:00:40
20100930,2729993663.95,2729993663.95,,,,,,2542786349.75,2097546438.48,,,,,,,,,183695426.68,,84791155.93,142127760.64,34625568.02,,,,,,,,,,,,,,,,,187207314.2,9374549.76,,11595525.85,545513.55,184986338.11,48576099.93,,136410238.18,,,118252525.91,,18157712.27,,,,,,,,,,,,,,,,,,,,136410238.18,118252525.91,18157712.27,0.0742,0.0742,定期报告,未审计,20111022,CNY,合并期末,2020-03-13T16:00:40
20100630,2272941539.78,2272941539.78,,,,,,2052791541.45,1747817480.96,,,,,,,,,152840075.57,,38685266.69,89346479.82,24102238.41,,,,,,,,,,,,,,,,,220149998.33,8012287.11,,4017725.86,249925.34,224144559.58,52895859.6,,171248699.98,,,162968376.93,,8280323.05,,,,,,,,,,,,,,,,,,,,171248699.98,162968376.93,8280323.05,0.1023,0.1023,定期报告,未审计,20110819,CNY,合并期末,2020-03-13T16:00:40
20100331,758026149.44,758026149.44,,,,,,704768245.47,586472256.29,,,,,,,,,52173360.34,,13861304.51,37952171.32,14309153.01,,,347638.43,,,,,,,,,,,,,,53605542.4,6563936.31,,1357309.77,,58812168.94,14704104.93,,44108064.01,,,41733025.5,,2375038.51,,,,,,,,,,,,,,,,,,,,44108064.01,41733025.5,2375038.51,0.0393,0.0393,定期报告,未审计,20110415,CNY,合并期末,2020-03-13T16:00:40
20091231,5452680583.19,5452680583.19,,,,,,4753332626.72,3872186145.44,,,,,,,,,461567391.05,,115897796.26,177814876.58,68975546.65,,,2966278.33,,,,,,,,,,,,,,702314234.8,30947933.13,,6774644.19,251964.85,726487523.74,210162131.65,,516325392.09,,,489371419.57,,26953972.52,,,,,,,,,,,,,,,,,,,,516325392.09,489371419.57,26953972.52,0.46,0.46,定期报告,是,20110325,CNY,合并期末,2020-03-13T16:00:40
20090930,2558574543.08,2558574543.08,,,,,,2285933456.6,1829330859.49,,,,,,,,,207672932.92,,52152931.31,113223577.03,54079837.41,,,2991970.47,,,,,,,,,,,,,,275633056.95,3435031.56,,4971991.53,,274096096.98,83984121.36,,190111975.62,,,178263277.92,,11848697.7,,,,,,,,,,,,,,,,,,,,190111975.62,178263277.92,11848697.7,0.1678,0.1678,定期报告,未审计,20101025,CNY,合并期末,2020-03-13T16:00:40
20090630,2317209156.71,2317209156.71,,,,,,1998048621.01,1632355100.91,,,,,,,,,191759174.42,,45916724.52,62247154.57,35741905.56,,,,,,,,,,,,,,,,,319160535.7,1523414.89,,3512710.86,46794.08,317171239.73,94314731.74,,222856507.99,,,212192821.41,,10663686.58,,,,,,,,,,,,,,,,,,,,222856507.99,212192821.41,10663686.58,0.1998,0.1998,定期报告,未审计,20100819,CNY,合并期末,2020-03-13T16:00:40
20090331,1257124410.86,1257124410.86,,,,,,1082233403.23,915959520.96,,,,,,,,,85770251.33,,6486275.25,29895502.67,27207481.77,,,,,,,,,,,,,,,,,174891007.63,399054.76,,1225064.05,,174064998.34,41963960.11,,132101038.23,,,126737586.37,,5363451.86,,,,,,,,,,,,,,,,,,,,,,,0.1193,0.1193,定期报告,未审计,20100428,CNY,合并期末,2020-03-13T16:00:40
20081231,4050050009.07,4050050009.07,,,,,,3453329117.4,2771762931.85,,,,,,,,,307307494.93,,123731443.63,159561023.89,52021191.81,,,1281880.86,,,,,,,,,,,,,,598002772.53,11343908.93,,50658036.24,35928.04,558688645.22,154111783.6,,404576861.62,,,388373437.54,,16203424.08,,,,,,,,,,,,,,,,,,,,404576861.62,388373437.54,16203424.08,0.37,0.37,定期报告,是,20100428,CNY,合并期末,2020-03-13T16:00:40
20080930,1416259032.53,1416259032.53,,,,,,1200575116.4,925964243.05,,,,,,,,,95874076.54,,48660767.93,109254933.54,20821095.34,,,1281880.87,,,,,,,,,,,,,,216965797.0,6304037.1,,11278949.48,,211990884.62,51040298.41,,160950586.21,,,154518175.63,,6432410.58,,,,,,,,,,,,,,,,,,,,,,,0.1455,,定期报告,未审计,20091024,CNY,合并期末,2020-03-13T16:00:40
20080630,1083674472.04,1083674472.04,,,,,,912536162.24,715922276.37,,,,,,,,,73240729.27,,43349222.93,63224210.07,16799723.6,,,1281880.87,,,,,,,,,,,,,,172420190.67,6039780.17,,8831617.32,,169628353.52,41216844.39,,128411509.13,,,123290791.57,,5120717.56,,,,,,,,,,,,,,,,,,,,,,,0.1161,0.1161,定期报告,未审计,20090824,CNY,合并期末,2020-03-13T16:00:40
20080331,135814312.96,135814312.96,,,,,,134022590.96,84655806.76,,,,,,,,,9091807.56,,8133381.84,28988747.56,3152847.24,,,,,,,,,,,,,,,,,1791722.0,3769883.79,,604082.4,,4957523.39,1867049.04,,3090474.35,,,2652434.72,,438039.63,,,,,,,,,,,,,,,,,,,,,,,0.005,0.005,定期报告,未审计,20090425,CNY,合并期末,2020-03-13T16:00:40
20071231,3437772883.0,3437772883.0,,,,,,2760470556.34,2305039604.37,,,,,,,,,232625166.52,,81896758.95,123225118.05,17683908.45,,,,,,,,,,,,,,,,,677302326.66,3587298.52,,2856698.28,,678032926.9,236581446.32,,441451480.58,,,429396342.11,,12055138.47,,,,,,,,,,,,,,,,,,,,,,,0.4,0.4,定期报告,是,20090410,CNY,合并期末,2020-03-13T16:00:40
20070930,924338282.77,924338282.77,,,,,,788812230.82,597161710.92,,,,,,,,,63289677.88,,43274193.07,81340955.24,3745693.71,,,,,,,,,,,,,,,,,135526051.95,3039545.11,,2016866.66,,136548730.4,54638394.88,,81910335.52,,,82030683.36,,-120347.84,,,,,,,,,,,,,,,,,,,,,,,0.1545,,定期报告,未审计,20081021,CNY,合并期末,2020-03-13T16:00:40
20070630,609402685.54,609402685.54,,,,,,519435254.66,402933646.34,,,,,,,,,42462315.21,,27078414.93,47830453.1,-869574.92,,,,,,,,,,,,,,,,,89967430.88,1930374.1,,352669.81,,91545135.17,27017799.69,,64527335.48,,,64230522.3,,296813.18,,,,,,,,,,,,,,,,,,,,,,,0.0605,,定期报告,未审计,20080816,CNY,合并期末,2020-03-13T16:00:40
20070331,238752962.2,238752962.2,,,,,,212801025.62,170137471.49,,,,,,,,,15407966.36,,9147993.44,18198682.68,-91088.35,,,,,,,,,,,,,,,,,25951936.58,744708.83,,310180.58,,26386464.83,10075304.69,,16311160.14,,,15507383.17,,803776.97,,,,,,,,,,,,,,,,,,,,,,,0.03,,定期报告,未审计,20080419,CNY,合并期末,2020-03-13T16:00:40
20061231,2573603612.49,2573603612.49,,,,,,2121089753.09,1712180155.39,,,,,,,,,279696027.48,,60397569.08,69386421.2,-570420.06,,,,,,,,,,,6787095.89,,,,1605485.28,,452513859.4,9589378.72,,2265396.63,,459837841.49,156612143.92,4577089.26,303225697.57,,,293875032.84,,9350664.73,,,,,,,,,,,,,,,,,,,,,,,0.5534,0.5534,定期报告,是,20080308,CNY,合并期末,2020-03-13T16:00:40
20060930,1269119347.24,1269119347.24,,,,,,977179213.56,832083126.91,,,,,,,,,82911659.36,,27524344.18,32923507.83,1736575.28,,,-2580743.91,,,,,,,,5026537.58,,,,403178.69,,289359389.77,7095992.6,,1520975.04,,294934407.33,99419295.54,4908361.43,195515111.79,,,190364260.23,,5150851.56,,,,,,,,,,,,,,,,,,,,,,,0.3585,,定期报告,未审计,20071020,CNY,合并期末,2020-03-13T16:00:40
20060630,1020135560.5,1020135560.5,,,,,,815258181.72,705539206.78,,,,,,,,,66770082.04,,17594425.9,21948851.27,3405615.73,,,-2359842.63,,,,,,,,4337082.11,,,,107888.66,,202517536.15,5766922.86,,813751.02,,207470707.99,66479362.86,1847578.02,140991345.13,,,137536158.52,,3455186.61,,,,,,,,,,,,,,,,,,,,,,,0.259,,定期报告,未审计,20070817,CNY,合并期末,2020-03-13T16:00:40
20060331,282635267.0,282635267.0,,,,,,251980046.29,215516776.25,,,,,,,,,18674169.74,,5624589.82,9892005.79,2272504.69,,,-2398370.87,,,,,,,,2615143.49,,,,-12170.67,,28256849.84,3363343.24,,461448.94,,31158744.14,9160614.07,,21998130.07,,,21340963.46,,657166.61,,,,,,,,,,,,,,,,,,,,,,,0.0642,,定期报告,未审计,20070420,CNY,合并期末,2020-03-13T16:00:40
20051231,2007505391.23,2005226950.35,,,,,,1615595456.46,1365177858.32,,,,,,,,,131175765.8,,21164709.4,98837774.5,-760651.56,,,-50000.0,,,,,,,,16259934.99,,,,2278440.88,,408119869.76,25143188.15,,2634104.31,,430628953.6,141262672.5,,289366281.1,,,279875620.05,,9490661.05,,,,,,,,,,,,,,,,,,,,,,,,,定期报告,是,20070420,CNY,合并期末,2020-03-13T16:00:40
20050930,614957930.68,614772559.85,,,,,,475561934.74,382382197.33,,,,,,,,,37288143.06,,12332013.39,43020254.21,539326.75,,,,,,,,,,,13004519.49,,,,185370.83,,152400515.43,22008911.91,,1738229.26,,172671198.08,63919023.41,,108752174.67,,,103661654.55,,5090520.12,,,,,,,,,,,,,,,,,,,,,,,,,定期报告,未审计,20061024,CNY,合并期末,2020-03-13T16:00:40
20050630,513032879.01,512959671.79,,,,,,398693316.45,333514445.18,,,,,,,,,30649771.27,,7477241.95,26537587.87,514270.18,,,,,,,,,,,10789008.99,,,,73207.22,,125128571.55,21794828.84,,1543384.53,,145380015.86,51990552.81,,93389463.05,,,89254838.63,,4134624.42,,,,,,,,,,,,,,,,,,,,,,,,,定期报告,未审计,20060824,CNY,合并期末,2020-03-13T16:00:40
20050331,117515408.53,117523668.67,,,,,,88835228.08,64014134.61,,,,,,,,,7361139.66,,3243614.2,13020894.51,1195445.1,,,,,,,,,,,4349366.99,,,,-8260.14,,33029547.44,21420013.04,,215176.0,,54234384.48,21909480.43,,32324904.05,,,30906752.13,,1418151.92,,,,,,,,,,,,,,,,,,,,,,,,,定期报告,未审计,20060427,CNY,合并期末,2020-03-13T16:00:40
20041231,1019628696.01,1019459530.32,,,,,,834143601.58,700856416.86,,,,,,,,,59637852.29,,24213196.13,48345425.78,1090710.52,,,,,,,,,,,7116818.55,,,,169165.69,,192601912.98,834658.27,,1040360.69,,192396210.56,71773319.33,,120622891.23,,,114983355.89,,5639535.34,,,,,,,,,,,,,,,,,,,,,,,,,定期报告,是,20060427,CNY,合并期末,2020-03-13T16:00:40
20040930,364546687.93,364446025.7,,,,,,312377617.57,246570405.99,,,,,,,,,19692364.43,,14309700.65,27021561.27,4783585.23,,,,,,,,,,,,,,,100662.23,,52169070.36,226586.0,,288083.5,,52107572.86,24407644.63,,27699928.23,,,26030590.05,,1669338.18,,,,,,,,,,,,,,,,,,,,,,,,,定期报告,未审计,20051018,CNY,合并期末,2020-03-13T16:00:40
20040630,291009035.6,290882412.7,,,,,,249138554.42,202516664.88,,,,,,,,,15614903.2,,8435323.55,17463276.35,5108386.44,,,,,,,,,,,,,,,126622.9,,41870481.18,85520.0,,62764.26,,41893236.92,18968479.55,,22924757.37,,,21669208.61,,1255548.76,,,,,,,,,,,,,,,,,,,,,,,,,定期报告,未审计,20050810,CNY,合并期末,2020-03-13T16:00:40
20040331,71979956.84,71936193.6,,,,,,67532040.5,49307579.14,,,,,,,,,3873971.7,,3167384.26,8884897.79,2298207.61,,,,,,,,,,,,,,,43763.24,,4447916.34,9745.0,,21715.84,,4435945.5,3069240.89,,1366704.61,,,1154875.2,,211829.41,,,,,,,,,,,,,,,,,,,,,,,,,定期报告,未审计,20050416,CNY,合并期末,2020-03-13T16:00:40
20031231,479829314.2,479765255.58,,,,,,407613934.55,324566417.97,,,,,,,,,26912294.21,,11125596.92,34427362.31,10582263.14,,,,,,,,,,,,,,,64058.62,,72215379.65,1541844.08,,697913.02,,73059310.71,28654778.73,,44404531.98,,,42098684.97,,2305847.01,,,,,,,,,,,,,,,,,,,,,,,,,定期报告,是,20050322,CNY,合并期末,2020-03-13T16:00:40
20030930,240196643.28,239543313.2,,,,,,218560430.81,170197270.87,,,,,,,,,13435291.41,,7998769.75,21151960.34,5777138.44,,,,,,,,,,,,,,,653330.08,,21636212.47,435936.0,,250756.52,,21821391.95,8913666.27,,12907725.68,,,12037132.33,,870593.35,,,,,,,,,,,,,,,,,,,,,,,,,定期报告,未审计,20041022,CNY,合并期末,2020-03-13T16:00:40
20030630,142074486.88,141587999.2,,,,,,121550384.59,91702051.6,,,,,,,,,7971880.72,,4807183.87,13262148.86,3807119.54,,,,,,,,,,,,,,,486487.68,,20524102.29,,,135903.29,,20388199.0,7988959.75,,12399239.25,,,11679645.73,,719593.52,,,,,,,,,,,,,,,,,,,,,,,,,定期报告,未审计,20040825,CNY,合并期末,2020-03-13T16:00:40
20030331,22957613.81,22596504.84,,,,,,19593570.84,10767620.25,,,,,,,,,1356444.77,,907714.95,4969135.81,1592655.06,,,,,,,,,,,,,,,361108.97,,3364042.97,,,32800.0,,3331242.97,1815339.47,,1515903.5,,,1356049.0,,159854.5,,,,,,,,,,,,,,,,,,,,,,,,,定期报告,未审计,20040420,CNY,合并期末,2020-03-13T16:00:40
20021231,357167445.43,357167445.43,,,,,,324611395.28,247989432.91,,,,,,,,,19839453.63,,11230886.11,39897959.75,5653662.88,,,,,,,,,,,,,,,146207.22,,32556050.15,254378.86,,898188.82,,31912240.19,18924359.85,,12987880.34,,,11410562.66,,1577317.68,,,,,,,,,,,,,,,,,,,,,,,,,定期报告,是,20040325,CNY,合并期末,2020-03-13T16:00:40
20020930,238833729.16,238760769.33,,,,,,223880112.19,170798841.66,,,,,,,,,13328158.6,,6689573.3,30064821.71,2998716.92,,,,,,,,,,,,,,,72959.83,,14953616.97,8500.0,,657207.78,,14304909.19,10781172.7,,3523736.49,,,2451935.46,,1071801.03,,,,,,,,,,,,,,,,,,,,,,,,,定期报告,未审计,20031021,CNY,合并期末,2020-03-13T16:00:40
20020630,216195904.39,216124794.33,,,,,,201972252.27,157111469.88,,,,,,,,,11995197.54,,5505634.0,25115795.94,2244154.91,,,,,,,,,,,,,,,71110.06,,14223652.12,1000.0,,648529.37,,13576122.75,10553051.72,,3023071.03,,,2082093.03,,940978.0,,,,,,,,,,,,,,,,,,,,,,,,,其他,未审计,20020817,CNY,合并期末,2020-03-13T16:00:40
20020331,96312587.58,96288407.13,,,,,,84922982.28,71259206.42,,,,,,,,,5334254.58,,2853668.0,4833145.92,642707.36,,,,,,,,,,,,,,,24180.45,,11389605.3,1000.0,,390962.4,,10999642.9,3941083.72,,7058559.18,,,6666759.72,,391799.46,,,,,,,,,,,,,,,,,,,,,,,,,其他,未审计,20020427,CNY,合并期末,2020-03-13T16:00:40
20011231,109176321.23,106581996.9,,,,,,245801480.08,111503162.81,,,,,,,,,1216908.04,,24914038.53,99106910.89,9060459.81,,,-9530756.01,,,,,,,,,,,,2594324.33,,-146155914.86,0.2,,63200403.53,,-209356318.19,1915361.33,,-190934537.98,,,-191123711.38,,189173.4,,,,,,,,,,,,,,,,,,,,,,,,,定期报告,是,20030328,CNY,合并期末,2020-03-13T16:00:40
20010630,94289948.0,93201076.0,,,,,,210815853.0,107013219.0,,,,,,,,,,,21405509.0,77060560.0,5336565.0,,,-1325278.0,,,,,,,,,,,,1088872.0,,-117851183.0,130297.0,,63055022.0,,-180775908.0,,,-180775908.0,,,-173962735.0,,-6813173.0,,,,,,,,,,,,,,,,,,,,,,,,,其他,是,20010802,CNY,合并期末,2020-03-13T16:00:40
20001231,679651864.0,677771608.0,,,,,,726876678.0,569927817.0,,,,,,,,,8310.0,,58753709.0,83354893.0,14648468.0,,,184439.0,,,,,,,,,,,,1880256.0,,-74542768.0,216786.0,,1934095.0,,-76260077.0,106795.0,,-76366872.0,,,-72934824.0,,-3432048.0,,,,,,,,,,,,,,,,,,,,,,,,,其他,是,20010412,CNY,合并期末,2020-03-13T16:00:40
20000630,397007336.5,396235020.29,,,,,,386017625.38,334441557.19,,,,,,,,,8310.04,,23473107.24,23842665.15,4251985.76,,,-40370.0,,,,,,,,,,,,772316.21,,3448402.06,54095.44,,819686.01,,2682811.49,1682101.19,,1000710.3,,,1270251.05,,-269540.75,,,,,,,,,,,,,,,,,,,,,,,,,其他,未审计,20000810,CNY,合并期末,2020-03-13T16:00:40
19991231,864692775.0,863398572.0,,,,,,811989592.0,691329028.0,,,,,,,,,206287.0,,55290410.0,58996631.0,5757352.0,,,-17603.0,,,,,,,,,,,,1294203.0,,11662684.0,197366.0,,1075500.0,,10784550.0,5934742.0,,4849808.0,,,5030893.0,,-181085.0,,,,,,,,,,,,,,,,,,,,,,,,,定期报告,是,20000414,CNY,合并期末,2020-03-13T16:00:40
19990630,478056182.4,477648895.11,,,,,,448874160.99,405618804.34,,,,,,,,,115212.21,,26143294.86,13637659.87,3359189.71,,,210000.0,,,,,,,,,,,,407287.29,,26277644.41,186046.89,,1061368.15,,25402323.15,4061609.82,,21340713.33,,,20493100.82,,847612.51,,,,,,,,,,,,,,,,,,,,,,,,,其他,未审计,19990813,CNY,合并期末,2020-03-13T16:00:40
19981231,816019911.0,814792347.0,,,,,,773296015.0,690049052.0,,,,,,,,,100000.0,,49500185.0,33056215.0,590563.0,,,-142451.0,,,,,,,,,,,,1227564.0,,36697654.0,81817.0,,1476884.0,,35302587.0,6670642.0,,28631945.0,,,27685162.0,,946783.0,,,,,,,,,,,,,,,,,,,,,,,,,其他,是,19990417,CNY,合并期末,2020-03-13T16:00:40
19980630,459022692.0,456495612.83,,,,,,421137669.01,381978003.13,,,,,,,,,179610.93,,22592070.17,12174847.25,4213137.53,,,,,,,,,,,,,,,2527079.17,,37885022.99,77066.95,,734249.84,,37227840.1,5882439.32,,31345400.78,,,30485257.66,,860143.12,,,,,,,,,,,,,,,,,,,,,,,,,其他,未审计,19980808,CNY,合并期末,2020-03-13T16:00:40
19971231,932583421.0,931525389.0,,,,,,804512125.0,717204900.0,,,,,,,,,684095.0,,42576251.0,37459513.0,6587366.0,,,,,,,,,,,,,,,1058032.0,,128071296.0,2897212.0,,4074685.0,,126893823.0,17638751.0,,109255072.0,,,108630040.0,,625032.0,,,,,,,,,,,,,,,,,,,,,,,,,其他,是,19980423,CNY,合并期末,2020-03-13T16:00:40
19970630,521693835.09,520849492.72,,,,,,457374457.28,408244746.68,,,,,,,,,580349.2,,21643421.33,22930681.57,3975258.5,,,,,,,,,,,,,,,844342.37,,64319377.81,34061.05,,2338493.67,,62014945.19,11129753.27,,50885191.92,,,50221184.79,,664007.13,,,,,,,,,,,,,,,,,,,,,,,,,其他,未审计,19971014,CNY,合并期末,2020-03-13T16:00:40
19961231,772711152.0,860962871.0,,,,,,744674091.0,651568507.0,,,,,,,,,,,35486691.0,51286710.0,6332183.0,,,,,,,,,,,,,,,4853865.0,,122673125.0,256023.0,,4754755.0,,118174393.0,20995904.0,,97178489.0,,,97178489.0,,,,,,,,,,,,,,,,,,,,,,,,,,,其他,是,19971014,CNY,合并期末,2020-03-13T16:00:40
19951231,813845335.0,912840756.0,,,,,,794014353.0,692245236.0,,,,,,,,,334233.0,,39616267.0,56954371.0,4864246.0,,,,,,,,,,,,,,,2439463.0,,121265866.0,252809.0,,5963843.0,,115554832.0,10026687.0,,105528145.0,,,105528145.0,,,,,,,,,,,,,,,,,,,,,,,,,,,其他,是,19971014,CNY,合并期末,2020-03-13T16:00:40
19941231,478287319.0,530465332.0,,,,,,496316628.0,439959339.0,,,,,,,,,1732625.0,,18430715.0,32570544.0,3623405.0,,,,,,,,,,,,,,,2446651.0,,36595355.0,470510.0,,4161564.0,,32904301.0,2300000.0,,30604301.0,,,30604301.0,,,,,,,,,,,,,,,,,,,,,,,,,,,其他,是,19971014,CNY,合并期末,2020-03-13T16:00:40
