报告日,经营活动产生的现金流量,销售商品、提供劳务收到的现金,客户存款和同业存放款项净增加额,向中央银行借款净增加额,向其他金融机构拆入资金净增加额,收到原保险合同保费取得的现金,收到再保险业务现金净额,保户储金及投资款净增加额,处置交易性金融资产净增加额,收取利息、手续费及佣金的现金,拆入资金净增加额,回购业务资金净增加额,收到的税费返还,收到的其他与经营活动有关的现金,经营活动现金流入小计,购买商品、接受劳务支付的现金,客户贷款及垫款净增加额,存放中央银行和同业款项净增加额,支付原保险合同赔付款项的现金,支付利息、手续费及佣金的现金,支付保单红利的现金,支付给职工以及为职工支付的现金,支付的各项税费,支付的其他与经营活动有关的现金,经营活动现金流出小计,经营活动产生的现金流量净额,投资活动产生的现金流量,收回投资所收到的现金,取得投资收益收到的现金,处置固定资产、无形资产和其他长期资产所收回的现金净额,处置子公司及其他营业单位收到的现金净额,收到的其他与投资活动有关的现金,减少质押和定期存款所收到的现金,处置可供出售金融资产净增加额,投资活动现金流入小计,购建固定资产、无形资产和其他长期资产所支付的现金,投资所支付的现金,质押贷款净增加额,取得子公司及其他营业单位支付的现金净额,增加质押和定期存款所支付的现金,支付的其他与投资活动有关的现金,投资活动现金流出小计,投资活动产生的现金流量净额,筹资活动产生的现金流量,吸收投资收到的现金,子公司吸收少数股东投资收到的现金,取得借款收到的现金,发行债券收到的现金,收到其他与筹资活动有关的现金,筹资活动现金流入小计,偿还债务支付的现金,分配股利、利润或偿付利息所支付的现金,子公司支付给少数股东的股利、利润,支付其他与筹资活动有关的现金,筹资活动现金流出小计,筹资活动产生的现金流量净额,汇率变动对现金及现金等价物的影响,现金及现金等价物净增加额,期初现金及现金等价物余额,现金的期末余额,现金的期初余额,现金等价物的期末余额,现金等价物的期初余额,期末现金及现金等价物余额,数据源,是否审计,公告日期,币种,类型,更新日期
20160930,,302864593.5,,,,,,,,,,,19248923.93,2993203.49,325106720.92,71558515.86,,,,,,18818848.28,61905525.76,38217013.8,190499903.7,134606817.22,,,,1210.0,,,,,1210.0,8390560.73,,,,,,8390560.73,-8389350.73,,,,53000000.0,,,53000000.0,110000000.0,17500807.63,,,127500807.63,-74500807.63,,51716658.86,308491378.2,,,,,360208037.06,定期报告,未审计,20161029,CNY,合并期末,2020-03-13T14:58:48
20160630,,190014863.5,,,,,,,,,,,1110183.04,23946995.23,215072041.77,46587747.06,,,,,,12490042.69,39838501.38,23020751.96,121937043.09,93134998.68,,,,1210.0,,,,,1210.0,6749521.98,,,,,,6749521.98,-6748311.98,,,,50000000.0,,,50000000.0,110000000.0,12073063.4,,,122073063.4,-72073063.4,,14313623.3,308491378.2,322805001.5,308491378.2,,,322805001.5,定期报告,未审计,20160830,CNY,合并期末,2020-03-13T14:58:48
20160331,,79228623.5,,,,,,,,,,,10282882.5,2928126.13,92439632.13,25562599.29,,,,,,6518148.77,22542694.21,9493968.93,64117411.2,28322220.93,,,,260.0,,,,,260.0,3845559.1,,,,,,3845559.1,-3845299.1,,,,50000000.0,,,50000000.0,50000000.0,5898647.54,,,55898647.54,-5898647.54,,18578274.29,308491378.2,,,,,327069652.49,定期报告,未审计,20160430,CNY,合并期末,2020-03-13T14:58:48
20151231,,462161768.92,,,,,,,,,,,,53369700.06,515531468.98,119890993.59,,,,,,38346007.49,49710154.79,31673521.39,239620677.26,275910791.72,,,,51170.0,,,,,51170.0,11709659.73,,,,,,11709659.73,-11658489.73,,,,50000000.0,,,50000000.0,152345455.0,75214762.54,24155000.0,,227560217.54,-177560217.54,-111648.33,86580436.12,221910942.08,308491378.2,221910942.08,,,308491378.2,定期报告,是,20160331,CNY,合并期末,2020-03-13T14:58:48
20150930,,297039975.71,,,,,,,,,,,,8150390.86,305190366.57,76804625.17,,,,,,20919557.51,29892253.36,35263142.7,162879578.74,142310787.83,,,,3800.0,,,,,3800.0,7615304.5,,,,,,7615304.5,-7611504.5,,,,50000000.0,,,50000000.0,95000000.0,66458237.24,,,161458237.24,-111458237.24,,23241046.09,221910942.08,,,,,245151988.17,定期报告,未审计,20161029,CNY,合并期末,2020-03-13T14:58:48
20150630,,187313129.07,,,,,,,,,,,,2707892.81,190021021.88,54295002.2,,,,,,13394376.55,18714946.95,14800053.9,101204379.6,88816642.28,,,,,,,,,0.0,4356405.3,,,,,,4356405.3,-4356405.3,,,,50000000.0,,,50000000.0,95000000.0,17989425.08,,,112989425.08,-62989425.08,,21470811.9,221910942.08,243381753.98,221910942.08,,,243381753.98,定期报告,未审计,20160830,CNY,合并期末,2020-03-13T14:58:48
20150331,,79798117.0,,,,,,,,,,,,628518.23,80426635.23,21624190.09,,,,,,6354392.96,6421497.89,8531173.2,42931254.14,37495381.09,,,,,,,,,0.0,3301456.8,,,,,,3301456.8,-3301456.8,,,,,,,0.0,,9238884.35,,,9238884.35,-9238884.35,,24955039.94,221910942.08,,,,,246865982.02,定期报告,未审计,20160430,CNY,合并期末,2020-03-13T14:58:48
20141231,,462755489.63,,,,,,,,,,,,46092330.06,508847819.69,149257906.15,,,,,,37542069.31,12577380.57,11060071.35,210437427.38,298410392.31,,,,18500.0,,,,,18500.0,6973752.05,,,,,,6973752.05,-6955252.05,,2760000.0,,50000000.0,,,52760000.0,152115455.0,87497512.72,34616425.08,12374348.82,251987316.54,-199227316.54,-24614.56,92203209.16,129707732.92,221910942.08,129707732.92,,,221910942.08,定期报告,是,20160331,CNY,合并期末,2020-03-13T14:58:48
20140930,,292284111.59,,,,,,,,,,,,27818779.47,320102891.06,99307215.75,,,,,,21397835.79,11795647.97,39537410.58,172038110.09,148064780.97,,,,1450.0,,,,,1450.0,4925762.84,,,,,,4925762.84,-4924312.84,,2760000.0,2760000.0,50000000.0,,,52760000.0,111370000.0,76512975.9,,,187882975.9,-135122975.9,,8017492.23,129707732.92,,,,,137725225.15,定期报告,未审计,20151031,CNY,合并期末,2020-03-13T14:58:48
20140630,,179072476.46,,,,,,,,,,,,10300322.82,189372799.28,61984636.33,,,,,,12977657.94,9826149.34,16701930.49,101490374.1,87882425.18,,,,1050.0,,,,,1050.0,2143820.05,,,,,,2143820.05,-2142770.05,,,,50000000.0,,,50000000.0,111370000.0,56114639.83,,,167484639.83,-117484639.83,,-31744984.7,129707732.92,97962748.22,129707732.92,,,97962748.22,定期报告,未审计,20150829,CNY,合并期末,2020-03-13T14:58:48
20140331,,76274693.92,,,,,,,,,,,,9019144.75,85293838.67,25015503.53,,,,,,6401817.62,3945903.39,6985288.94,42348513.48,42945325.19,,,,800.0,,,,,800.0,1163885.2,,,,,,1163885.2,-1163085.2,,,,,,,0.0,,18953982.15,,,18953982.15,-18953982.15,,22828257.84,129707732.92,,,,,152535990.76,定期报告,未审计,20150430,CNY,合并期末,2020-03-13T14:58:48
20131231,,453126962.69,,,,,,,,,,,1576026.09,46475881.67,501178870.45,124259670.66,,,,,,34772271.61,15099473.54,13392062.4,187523478.21,313655392.24,,,,1765.0,,,,,1765.0,14265340.36,,,,,,14265340.36,-14263575.36,,,,59500000.0,,,59500000.0,276675455.0,54927453.15,,300000.0,331902908.15,-272402908.15,-1348.84,26987559.89,102720173.03,129707732.92,102720173.03,,,129707732.92,定期报告,是,20150328,CNY,合并期末,2020-03-13T14:58:48
20130930,,288435963.22,,,,,,,,,,,1112000.19,59453458.03,349001421.44,74577139.29,,,,,,20272888.78,11901614.74,31582408.32,138334051.13,210667370.31,,,,1465.0,,,,,1465.0,10411756.72,,,,,,10411756.72,-10410291.72,,,,59500000.0,,,59500000.0,143630000.0,40002509.39,,300000.0,183932509.39,-124432509.39,,75824569.2,102720173.03,,,,,178544742.23,定期报告,未审计,20141031,CNY,合并期末,2020-03-13T14:58:48
20130630,,181498847.22,,,,,,,,,,,3458.19,56784247.58,238286552.99,47864941.38,,,,,,12790987.62,8493530.92,23290608.94,92440068.86,145846484.13,,,,1225.0,,,,,1225.0,1837609.72,,,,,,1837609.72,-1836384.72,,,,59500000.0,,,59500000.0,123280000.0,28202855.89,,,151482855.89,-91982855.89,,52027243.52,102720173.03,154747416.55,102720173.03,,,154747416.55,定期报告,未审计,20140830,CNY,合并期末,2020-03-13T14:58:48
20130331,,77054788.72,,,,,,,,,,,,1174473.34,78229262.06,21830072.5,,,,,,6203220.49,4662909.4,7300304.63,39996507.02,38232755.04,,,,200.0,,,,,200.0,1736432.72,,,,,,1736432.72,-1736232.72,,,,,,,0.0,,14433380.63,,,14433380.63,-14433380.63,,22063141.69,102720173.03,,,,,124783314.72,定期报告,未审计,20140426,CNY,合并期末,2020-03-13T14:58:48
20121231,,470939231.78,,,,,,,,,,,,55449153.97,526388385.75,120144646.2,,,,,,30716763.05,15814371.21,15764319.28,182440099.74,343948286.01,,,,28550.72,,,,,28550.72,8080219.85,,,,,18985439.25,27065659.1,-27037108.38,,,,62000000.0,,,62000000.0,264835455.0,72282334.05,,,337117789.05,-275117789.05,-109.7,41793278.88,60926894.15,102720173.03,60926894.15,,,102720173.03,定期报告,是,20140329,CNY,合并期末,2020-03-13T14:58:48
20120930,,359719689.98,,,,,,,,,,,766887.59,6085762.01,366572339.58,69877832.44,,,,,,18892496.28,8167041.76,37881130.32,134818500.8,231753838.78,,,,2528.0,,,,,2528.0,5545249.0,,,,,,5545249.0,-5542721.0,,,,62000000.0,,,62000000.0,199900000.0,54573016.86,,,254473016.86,-192473016.86,,33738100.92,68226894.15,,,,,101964995.07,定期报告,未审计,20131030,CNY,合并期末,2020-03-13T14:58:48
20120630,,213573900.98,,,,,,,,,,,754748.17,3948976.22,218277625.37,48922198.56,,,,,,12307184.15,5401932.02,23389757.82,90021072.55,128256552.82,,,,1238.0,,,,,1238.0,1860615.05,,,,,,1860615.05,-1859377.05,,,,42000000.0,,,42000000.0,117800000.0,36417786.63,,,154217786.63,-112217786.63,,14179389.14,60926894.15,75106283.29,60926894.15,,,75106283.29,定期报告,未审计,20130830,CNY,合并期末,2020-03-13T14:58:48
20120331,,108434756.28,,,,,,,,,,,7082.17,3578973.71,112020812.16,24888633.06,,,,,,5772932.3,2409211.76,10699166.7,43769943.82,68250868.34,,,,1008.0,,,,,1008.0,1278896.9,,,,,,1278896.9,-1277888.9,,,,,,,0.0,45300000.0,17894620.58,,,63194620.58,-63194620.58,,3778358.86,60926894.15,,,,,64705253.01,定期报告,未审计,20130425,CNY,合并期末,2020-03-13T14:58:48
20111231,,387899923.08,,,,,,,,,,,,7910506.5,395810429.58,89087976.06,,,,,,25689128.63,12473279.12,21032094.95,148282478.76,247527950.82,,,,120.0,,,,,120.0,20438369.93,,,,,10091224.54,30529594.47,-30529474.47,,,,158000000.0,,,158000000.0,292545455.0,74237370.88,,,366782825.88,-208782825.88,-2298.99,8213351.48,52713542.67,60926894.15,52713542.67,,,60926894.15,定期报告,是,20130329,CNY,合并期末,2020-03-13T14:58:48
20110930,,245171915.0,,,,,,,,,,,67693.92,8714710.79,253954319.71,58817545.9,,,,,,16597803.74,7457574.24,19781363.83,102654287.71,151300032.0,,,,54448.0,,,,,54448.0,26112997.86,,,,,,26112997.86,-26058549.86,,,,108000000.0,,,108000000.0,124500000.0,46861410.44,,,171361410.44,-63361410.44,,61880071.7,52713542.67,,,,,114593614.37,定期报告,未审计,20121030,CNY,合并期末,2020-03-13T14:58:48
20110630,,143052021.79,,,,,,,,,,,8299.04,1877371.2,144937692.03,35815185.14,,,,,,10899829.14,2602482.72,9328032.96,58645529.96,86292162.07,,,,43120.0,,,,,43120.0,24469524.96,,,,,,24469524.96,-24426404.96,,,,26000000.0,,,26000000.0,42500000.0,28486915.74,,,70986915.74,-44986915.74,,16878841.37,52713542.67,69592384.04,52713542.67,,,69592384.04,定期报告,未审计,20120830,CNY,合并期末,2020-03-13T14:58:48
20110331,,44461096.79,,,,,,,,,,,8299.04,720800.45,45190196.28,16856021.64,,,,,,4922194.38,853706.73,3078966.44,25710889.19,19479307.09,,,,,,,,,0.0,23747982.07,,,,,,23747982.07,-23747982.07,,,,3000000.0,,,3000000.0,,6294077.35,,,6294077.35,-3294077.35,,-7562752.33,52713542.67,45150790.34,52713542.67,,,45150790.34,定期报告,未审计,20120428,CNY,合并期末,2020-03-13T14:58:48
20101231,,199269418.74,,,,,,,,,,,,11126182.63,210395601.37,81325158.82,,,,,,24849560.63,4692338.84,13797929.62,124664987.91,85730613.46,,,,113308.0,,1000000.0,,,1113308.0,134347424.79,,,,,4673723.76,139021148.55,-137907840.55,,,,282700000.0,,,282700000.0,191945455.0,67232761.01,,,259178216.01,23521783.99,-1488.21,-28656931.31,81370473.98,52713542.67,81370473.98,,,52713542.67,定期报告,是,20120428,CNY,合并期末,2020-03-13T14:58:48
20100930,,137774148.72,,,,,,,,,,,53747.72,3409429.61,141237326.05,43589385.31,,,,,,14862341.31,2581540.46,23162656.33,84195923.41,57041402.64,,,,113668.0,,,,,113668.0,115548217.43,,,,,,115548217.43,-115434549.43,,,,128254000.0,,,128254000.0,82000000.0,18157354.65,,,100157354.65,28096645.35,,-30296501.44,81370473.98,51073972.54,81370473.98,,,51073972.54,定期报告,未审计,20111031,CNY,合并期末,2020-03-13T14:58:48
20100630,,91174260.72,,,,,,,,,,,53747.72,2682843.34,93910851.78,31532868.63,,,,,,9970944.78,2383736.04,13655249.65,57542799.1,36368052.68,,,,113468.0,,,,,113468.0,102197631.87,,,,,,102197631.87,-102084163.87,,,,46254000.0,,,46254000.0,,12021886.0,,,12021886.0,34232114.0,,-31483997.19,81370473.98,49886476.79,81370473.98,,,49886476.79,定期报告,未审计,20110820,CNY,合并期末,2020-03-13T14:58:48
20100331,,44587595.72,,,,,,,,,,,3531.7,1505561.9,46096689.32,15238631.2,,,,,,4804947.53,367915.99,8027722.52,28439217.24,17657472.08,,,,,,,,,,13833595.15,,,,,,13833595.15,-13833595.15,,16000000.0,,16000000.0,,,16000000.0,,5947475.0,,,5947475.0,10052525.0,,13876401.93,81370473.98,95246875.91,81370473.98,,,95246875.91,定期报告,未审计,20110428,CNY,合并期末,2020-03-13T14:58:48
20091231,,183739232.9,,,,,,,,,,,,6263682.19,190002915.09,70681214.72,,,,,,22067628.17,6702614.0,12773015.99,112224472.88,77778442.21,,,,47389.67,,,,,47389.67,261354554.31,,,,,5555653.67,266910207.98,-266862818.31,,,,519300000.0,,,519300000.0,239945455.0,66034876.97,,,305980331.97,213319668.03,-46.57,24235245.36,57135228.62,81370473.98,57135228.62,,,81370473.98,定期报告,是,20110428,CNY,合并期末,2020-03-13T14:58:48
20090930,,122379200.0,,,,,,,,,,,19365.87,2433186.36,124831752.23,42226470.3,,,,,,15941318.34,3749397.74,20212879.31,82130065.69,42701686.54,,,,7821.0,,,,,7821.0,224025959.82,,,,,,224025959.82,-224018138.82,,,,366900000.0,,,366900000.0,172000000.0,24939922.31,,,196939922.31,169960077.69,,-11356374.59,57135228.62,45778854.03,57135228.62,,,45778854.03,定期报告,未审计,20101021,CNY,合并期末,2020-03-13T14:58:48
20090630,,77691405.0,,,,,,,,,,,19365.87,1285075.26,78995846.13,26492998.33,,,,,,9362308.18,2566320.79,12087115.35,50508742.65,28487103.48,,,,7521.0,,,,,7521.0,131482062.66,,,,,,131482062.66,-131474541.66,,,,218300000.0,,,218300000.0,20000000.0,18115739.39,,,38115739.39,180184260.61,,77196822.43,57135228.62,134332051.05,57135228.62,,,134332051.05,定期报告,未审计,20100821,CNY,合并期末,2020-03-13T14:58:48
20090331,,34210895.0,,,,,,,,,,,,672892.33,34883787.33,12615492.65,,,,,,5249236.76,546109.88,5142851.13,23553690.42,11330096.91,,,,7521.0,,,,,7521.0,49294921.76,,,,,,49294921.76,-49287400.76,,82800000.0,,82800000.0,,,82800000.0,,6581354.28,,,6581354.28,76218645.72,,38261341.87,57135228.62,95396570.49,57135228.62,,,95396570.49,定期报告,未审计,20100424,CNY,合并期末,2020-03-13T14:58:48
20081231,,197290826.45,,,,,,,,,,,,14522462.27,211813288.72,72507757.58,,,,,,22083009.6,7084596.49,10861655.22,112537018.89,99276269.83,,,,122394.0,,,,,122394.0,755021388.82,,,,,7181155.12,762202543.94,-762080149.94,,460000.0,460000.0,900500000.0,,,900960000.0,369665455.0,29342320.8,,,399007775.8,501952224.2,-3366.28,-160855022.19,217990250.81,57135228.62,217990250.81,,,57135228.62,定期报告,是,20100424,CNY,合并期末,2020-03-13T14:58:48
20080930,,133237012.57,,,,,,,,,,,,2743050.96,135980063.53,42401997.44,,,,,,13889790.89,5445115.06,13253963.64,74990867.03,60989196.5,,,,,,,,,,289260416.89,,,,,,289260416.89,-289260416.89,,460000.0,460000.0,137500000.0,,,137960000.0,76620000.0,18424120.39,,,95044120.39,42915879.61,,-185355340.78,217990250.81,32634910.03,217990250.81,,,32634910.03,定期报告,未审计,20091024,CNY,合并期末,2020-03-13T14:58:48
20080630,,92623528.18,,,,,,,,,,,,721121.65,93344649.83,29141074.24,,,,,,11031301.16,5433329.58,5531139.55,51136844.53,42207805.3,,,,,,,,,,120680477.21,,,,,,120680477.21,-120680477.21,,460000.0,460000.0,20000000.0,,,20460000.0,70620000.0,6020118.07,,,76640118.07,-56180118.07,,-134652789.98,217990250.81,83337460.83,217990250.81,,,83337460.83,定期报告,未审计,20090826,CNY,合并期末,2020-03-13T14:58:48
20080331,,42212189.27,,,,,,,,,,,,1891531.07,44103720.34,9488944.04,,,,,,6272691.36,742760.94,12206331.54,28710727.88,15392992.46,,30000000.0,,,,,,,30000000.0,87111283.99,30000000.0,,,,,117111283.99,-87111283.99,,,,,,,,60620000.0,424157.06,,,61044157.06,-61044157.06,,-132762448.59,217990250.81,85227802.22,217990250.81,,,85227802.22,定期报告,未审计,20090425,CNY,合并期末,2020-03-13T14:58:48
20071231,,174124049.59,,,,,,,,,,,698292.12,632173.57,175454515.28,98613428.26,,,,,,15287587.54,5352387.9,12916082.7,132169486.4,43285028.88,,,,190340.0,,,,,190340.0,59039607.54,51430000.0,,,,4197543.51,114667151.05,-114476811.05,,320000000.0,320000000.0,230000000.0,,,550000000.0,266290000.0,30854181.7,,944000.0,298088181.7,251911818.3,3560.4,180723596.53,37266654.28,217990250.81,37266654.28,,,217990250.81,定期报告,是,20090425,CNY,合并期末,2020-03-13T14:58:48
20070930,,122572046.29,,,,,,,,,,,723135.76,2408664.33,125703846.38,56616965.64,,,,,,9526275.05,4819813.73,18271802.92,89234857.34,36468989.04,,,,,,,,,,47762739.45,4020694.96,,,,,51783434.41,-51783434.41,,170000.0,170000.0,230000000.0,,,230170000.0,113000000.0,19385403.44,,944000.0,133329403.44,96840596.56,,81526151.19,37266654.28,118792805.47,37266654.28,,,118792805.47,定期报告,未审计,20081022,CNY,合并期末,2020-03-13T14:58:48
20070630,,79088029.85,,,,,,,,,,,723135.76,364462.54,80175628.15,42918846.5,,,,,,8295931.17,3264313.14,14155922.82,68635013.63,11540614.52,,,,,,,,,,31385922.05,4020694.96,,,,,35406617.01,-35406617.01,,170000.0,170000.0,220000000.0,,,220170000.0,113000000.0,9901799.66,,944000.0,123845799.66,96324200.34,,72458197.85,37266654.28,109724852.13,37266654.28,,,109724852.13,定期报告,未审计,20080823,CNY,合并期末,2020-03-13T14:58:48
20070331,,38399536.27,,,,,,,,,,,,1398873.7,39798409.97,26821698.41,,,,,,3550882.79,1841723.73,9185519.89,41399824.82,-1601414.85,,,,,,,,,,11916884.23,,,,,209360.0,12126244.23,-12126244.23,,,,127000000.0,,,127000000.0,113000000.0,4243837.57,,,117243837.57,9756162.43,,-3971496.65,37266654.28,33295157.63,37266654.28,,,33295157.63,定期报告,未审计,20080426,CNY,合并期末,2020-03-13T14:58:48
20061231,,117494814.26,,,,,,,,,,,,25985841.8,143480656.06,42760518.8,,,,,,10292323.33,8243876.61,32433524.05,93730242.79,49750413.27,,239800000.0,29572508.77,1744199.16,,22218459.07,,,293335167.0,83317472.31,240977440.0,,,,,324294912.31,-30959745.31,,850000.0,850000.0,60000000.0,,,60850000.0,35000000.0,20345953.7,,1200000.0,56545953.7,4304046.3,1846.94,23096561.2,14170093.08,37266654.28,14170093.08,,,37266654.28,定期报告,是,20080426,CNY,合并期末,2020-03-13T14:58:48
20060930,,55306379.65,,,,,,,,,,,,464619.1,55770998.75,13376562.2,,,,,,9092082.73,8602540.12,6514754.18,37585939.23,18185059.52,,,,25510.0,,177752878.87,,,177778388.87,37815471.51,73315000.0,,,,2250000.0,113380471.51,64397917.36,,850000.0,850000.0,15000000.0,,,15850000.0,10300000.0,41634104.91,,,51934104.91,-36084104.91,,46498871.97,14170093.08,60668965.05,14170093.08,,,60668965.05,定期报告,未审计,20071029,CNY,合并期末,2020-03-13T14:58:48
20060630,,28490046.32,,,,,,,,,,,,2148514.49,30638560.81,7133228.78,,,,,,5800309.84,1474392.0,2717462.49,17125393.11,13513167.7,,,27949697.86,,,117499373.41,,,145449071.27,3742811.19,,,,,20000000.0,23742811.19,121706260.08,,,,15000000.0,,,15000000.0,10300000.0,75015.81,,,10375015.81,4624984.19,,139844411.97,14170093.08,154014505.05,14170093.08,,,154014505.05,定期报告,未审计,20070817,CNY,合并期末,2020-03-13T14:58:48
20060331,,12689125.0,,,,,,,,,,,,33360.75,12722485.75,3093359.49,,,,,,2596099.53,749930.77,1795304.72,8234694.51,4487791.24,,,,,,,,,,1275298.0,20000000.0,,,,,21275298.0,-21275298.0,,,,10000000.0,,,10000000.0,100000.0,24795.81,,,124795.81,9875204.19,,-6912302.57,14170093.08,7257790.51,14170093.08,,,7257790.51,定期报告,未审计,20070421,CNY,合并期末,2020-03-13T14:58:48
20051231,,55527149.41,,,,,,,,,,,,20082728.52,75609877.93,20758023.31,,,,,,5396465.56,48726.08,12667900.52,38871115.47,36738762.46,,80000000.0,6286560.0,3100.0,,,,,86289660.0,63219495.77,,,,,,63219495.77,23070164.23,,100000.0,,12000000.0,,2860000.0,14960000.0,62000000.0,19645733.4,,,81645733.4,-66685733.4,-1457.08,-6878263.79,21048356.87,14170093.08,21048356.87,,,14170093.08,定期报告,是,20060422,CNY,合并期末,2020-03-13T14:58:48
20050930,,42149764.82,,,,,,,,,,,,629787.28,42779552.1,11101561.98,,,,,,7642342.36,456995.7,2779099.65,21979999.69,20799552.41,,80000000.0,11060454.07,,,900000.0,,,91960454.07,47009802.5,,,,,,47009802.5,44950651.57,,100000.0,,12000000.0,,,12100000.0,62000000.0,9187548.0,,,71187548.0,-59087548.0,,6662655.98,21048356.87,27711012.85,21048356.87,,,27711012.85,定期报告,未审计,20051026,CNY,合并期末,2020-03-13T14:58:48
20050630,,26719764.82,,,,,,,,,,,,360047.6,27079812.42,6561561.98,,,,,,5573557.34,339990.3,1915881.92,14390991.55,12688820.87,,80000000.0,11026195.49,,,,,,91026195.49,29846002.5,,,,,,29846002.5,61180192.99,,,,12000000.0,,,12000000.0,62000000.0,9187548.0,,,71187548.0,-59187548.0,,14681465.86,21048356.87,35729822.73,21048356.87,,,35729822.73,定期报告,未审计,20050824,CNY,合并期末,2020-03-13T14:58:48
20050331,,14511391.55,,,,,,,,,,,,32689.81,14544081.36,3250232.86,,,,,,3518688.65,317500.17,780455.19,7866876.87,6677204.49,,,7256623.4,,,3200000.0,,,10456623.4,9451394.0,,,,,,9451394.0,1005229.4,,,,12000000.0,,,12000000.0,,656208.0,,,656208.0,11343792.0,,19026225.89,21048356.87,40074582.76,21048356.87,,,40074582.76,定期报告,未审计,20050416,CNY,合并期末,2020-03-13T14:58:48
20041231,,54751064.0,,,,,,,,,,,,1955496.0,56706560.0,13852509.0,,,,,,9461479.0,84500.0,66590420.0,89988908.0,-33282348.0,,,15165006.0,96537.0,,,,,15261543.0,5900276.0,,,,,,5900276.0,9361267.0,,,,50000000.0,,,50000000.0,20000000.0,13147248.0,,,33147248.0,16852752.0,-480.0,-7068809.0,28117166.0,21048357.0,28117166.0,,,21048357.0,定期报告,是,20050330,CNY,合并期末,2020-03-13T14:58:48
20040930,,33306482.04,,,,,,,,,,,,847485.68,34153967.72,7802410.45,,,,,,6417814.85,59808.09,2973538.21,17741316.6,16412651.12,,,7915621.15,,,,,,7915621.15,6202215.48,,,,,,6202215.48,1713405.67,,,,,,,,20000000.0,12981449.29,,,32981449.29,-32981449.29,,-14855392.5,28117165.84,13261773.34,28117165.84,,,13261773.34,定期报告,未审计,20041021,CNY,合并期末,2020-03-13T14:58:48
20040630,,22806483.0,,,,,,,,,,,,383346.0,23189829.0,5315890.0,,,,,,4489236.0,59808.0,1913784.0,12103884.0,11085945.0,,,,,,,,,7854364.0,2864958.0,,,,,,2864958.0,4989406.0,,,,,,,,,12759169.0,,,12759169.0,-12759169.0,,3316182.0,28117166.0,31433348.0,28117166.0,,,31433348.0,定期报告,未审计,20040812,CNY,合并期末,2020-03-13T14:58:48
20040331,,,,,,,,,,,,,,,,,,,,,,,,,,1199853.0,,,,,,,,,,,,,,,,,,,,,,,,,,,,,,,,,,,,,,,定期报告,未审计,20040417,CNY,合并期末,2020-03-13T14:58:48
20031231,,44003085.0,,,,,,,,,,,,,44003085.0,19488285.0,,,,,,1190959.0,,6167068.0,26846312.0,17156773.0,,,11660107.0,,,,,,11660107.0,36918420.0,129000000.0,,,,,165918420.0,-154258313.0,,,,20000000.0,,300000.0,20300000.0,33000000.0,249831.0,,,33249831.0,-12949831.0,-8820.0,-150060191.0,178177357.0,28117166.0,178177357.0,,,28117166.0,定期报告,是,20040310,CNY,合并期末,2020-03-13T14:58:48
20030930,,32461700.0,,,,,,,,,,,,4000.0,32465700.0,15996926.0,,,,,,628392.0,,1680105.0,18305422.0,14160278.0,,,2660000.0,,,944901.0,,,3604901.0,4372460.0,131700000.0,,,,300000.0,136372460.0,-132767559.0,,,,20000000.0,,,20000000.0,33028845.0,,,267.0,33029112.0,-13029112.0,-8820.0,-131645214.0,178177357.0,46532143.0,178177357.0,,,46532143.0,定期报告,未审计,20031030,CNY,合并期末,2020-03-13T14:58:48
20030630,,21941600.0,,,,,,,,,,,,4000.0,21945600.0,12112793.0,,,,,,266573.0,,1581774.0,13961140.0,7984460.0,,,,,,884113.0,,,884113.0,5170.0,129000000.0,,,,,129005170.0,-128121057.0,,,,,,,,33000000.0,28845.0,,267.0,33029112.0,-33029112.0,-220.0,-153165929.0,178177357.0,25011428.0,178177357.0,,,25011428.0,定期报告,未审计,20030828,CNY,合并期末,2020-03-13T14:58:48
20030331,,7800000.0,,,,,,,,,,,,4000.0,7804000.0,8098533.0,,,,,,89401.0,,340698.0,8528632.0,-724632.0,,,,,,,,,,,,,,,,,,,,,92062.0,,,92062.0,33000000.0,29113.0,267.0,,33029113.0,-32937051.0,,-33661683.0,178177359.0,144515676.0,178177359.0,,,144515676.0,定期报告,未审计,20030422,CNY,合并期末,2020-03-13T14:58:48
20021231,,203121255.0,,,,,,,,,,,,4676971.0,207798226.0,115419107.0,,,,,,35683849.0,9411495.0,26779673.0,187294124.0,20504102.0,,15900997.0,1499872.0,276772.0,,290676389.0,,,308354030.0,11801020.0,,,,,149618120.0,161419140.0,146934890.0,,,,54000000.0,,,54000000.0,79000000.0,2510378.0,,,81510378.0,-27510378.0,-63618.0,139864996.0,89709626.0,178177357.0,89709626.0,51397265.0,,229574622.0,定期报告,是,20040310,CNY,合并期末,2020-03-13T14:58:48
20020630,,102282852.0,,,,,,,,,,,,2064006.0,104346858.0,69084672.0,,,,,,12466848.0,5385812.0,6246372.0,93183704.0,11163154.0,,1000.0,180.0,42499.0,,,,,9525654.0,3050974.0,,,,,,3050974.0,6474680.0,,,,46000000.0,,,46000000.0,63000000.0,1510518.0,,,64510518.0,-18510518.0,-21643.0,-894327.0,89709626.0,81068887.0,89709626.0,,,81068887.0,其他,是,20020824,CNY,合并期末,2020-03-13T14:58:48
20011231,,196072924.0,,,,,,,,,,,283000.0,4169397.0,200525321.0,99832683.0,,,,,,47097599.0,15467830.0,20584490.0,182982602.0,17542719.0,,281216.0,2256874.0,,,,,,2538090.0,7796781.0,2000.0,,,,2696954.0,10495735.0,-7957645.0,,,,73000000.0,,3600000.0,76600000.0,77170000.0,4464286.0,,,81634286.0,-5034286.0,-9493.0,4541295.0,,89709626.0,,84963535.0,,174673161.0,其他,是,20020305,CNY,合并期末,2020-03-13T14:58:48
20010630,,100192639.0,,,,,,,,,,,,3240753.0,103433392.0,53541504.0,,,,,,21779072.0,9322651.0,5961148.0,90604375.0,12829017.0,,14407200.0,,171216.0,,1800000.0,,,16378416.0,1776696.0,14403252.0,,,,336675.0,16516623.0,-138207.0,,,,43000000.0,,1365392.0,44365392.0,44170000.0,1970066.0,,22086.0,46162152.0,-1796760.0,,10894050.0,84963536.0,95857586.0,84963536.0,,,95857586.0,其他,未审计,20010823,CNY,合并期末,2020-03-13T14:58:48
20001231,,182346438.0,,,,,,,,,,,402775.0,3994706.0,186743919.0,94813302.0,,,,,,38649115.0,7095764.0,19844674.0,160402855.0,26341064.0,,,2472997.0,750838.0,,,,,3223835.0,5564267.0,2400000.0,,,,15862411.0,23826678.0,-20602843.0,,,,82170000.0,,1173034.0,83343034.0,80308735.0,4911731.0,,999757.0,86220223.0,-2877189.0,-10129.0,2850903.0,63758063.0,84963535.0,63758063.0,,,84963535.0,其他,是,20010418,CNY,合并期末,2020-03-13T14:58:48
20000630,,105506261.07,,,,,,,,,,,515159.32,18006408.69,124027829.08,64578773.74,,,,,,16524680.57,3654680.65,24731922.43,109490057.39,14537771.69,,,,347915.0,,,,,347915.0,2271621.0,,,,,,2271621.0,-1923706.0,,,,,,98228.68,98228.68,7050000.0,2516435.58,,16755.93,9583191.51,-9484962.83,-5865.05,3123237.81,63758063.0,66881300.81,63758063.0,,,66881300.81,其他,未审计,20000727,CNY,合并期末,2020-03-13T14:58:48
19991231,,193426730.0,,,,,,,,,,,603000.0,3606692.0,197636422.0,118921865.0,,,,,,39860804.0,8975354.0,15164961.0,182922984.0,14713438.0,,42732.0,,825361.0,,,,,5482690.0,8150273.0,8520120.0,,,,,12410333.0,-6927643.0,,,,60570000.0,,593547.0,61163547.0,65503080.0,6392252.0,,341400.0,72236732.0,-11073185.0,7660.0,-3279730.0,-1998200.0,63758063.0,32837900.0,-69035993.0,-34836100.0,-5277930.0,其他,是,20000421,CNY,合并期末,2020-03-13T14:58:48
19990630,,91942059.0,,,,,,,,,,,,1691622.0,93633681.0,50219949.0,,,,,,18120226.0,5059955.0,7028221.0,80428351.0,13205330.0,,42732.0,,537509.0,,606900.0,,,1187141.0,1652730.0,8520120.0,,,,,16330390.0,-15143249.0,,,,3400000.0,,,3400000.0,3910080.0,3154351.0,,199965.0,7264396.0,-3864396.0,-5291.0,-5807606.0,34199893.0,73645987.0,69035993.0,-45253700.0,-34836100.0,28392287.0,其他,是,19990827,CNY,合并期末,2020-03-13T14:58:48
19981231,,175728471.0,,,,,,,,,,,715196.0,14608580.0,191052247.0,88248904.0,,,,,,43951409.0,14323438.0,13625937.0,160149688.0,30902559.0,,805616.0,,1192715.0,,2197259.0,,,16615290.0,6193034.0,8519194.0,,,,,45186267.0,-28570977.0,,,,72170000.0,,,72170000.0,83891908.0,8460629.0,,156280.0,92508817.0,-20338817.0,-5754.0,-18012989.0,52315346.0,69035993.0,52315346.0,,,69035993.0,其他,是,19990429,CNY,合并期末,2020-03-13T14:58:48
19980630,,82812434.0,,,,,,,,,,,14452926.0,3393303.0,100658663.0,37861148.0,,,,,,20528265.0,14612759.0,10129808.0,83131980.0,17526683.0,,839014.0,,131536.0,,,,,970550.0,5018620.0,,,,,215000.0,5233620.0,-4263070.0,,,,5000000.0,,1084816.0,6084816.0,13611419.0,2630120.0,,76706.0,16318245.0,-10233429.0,-61808.0,2968376.0,52315346.0,55283722.0,52315346.0,,,55283722.0,其他,是,19980829,CNY,合并期末,2020-03-13T14:58:48
